District Name,PK_enrollment,K_enrollment,1_enrollment,2_enrollment,3_enrollment,4_enrollment,5_enrollment,6_enrollment,7_enrollment,8_enrollment,9_enrollment,10_enrollment,11_enrollment,12_enrollment,SP_enrollment,Total_enrollment,Total # of Classes,Average Class Size,Number of Students,Female %,Male %,English Language Learner %,Students with Disabilities %,Economically Disadvantaged %,Salary Totals,Average Salary,FTE Count,Total Expenditures,Total Expenditures per Pupil,AP_tests_taken,% Score 1-2,% Score 3-5,SAT_tests_taken,Reading / Writing,Math,# in Cohort,% Graduated,% H.S. Equiv.,% Dropped Out,High School Graduates (#),Attending Coll./Univ. (#),Attending Coll./Univ. (%),Private Two-Year (%),Private Four-Year (%),Public Two-Year (%),Public Four-Year (%),MA Community College (%),MA State University (%),Univ.of Mass. (%)
Abby Kelley Foster Charter Public (District),0,117,116,120,118,117,115,117,114,111,97,99,98,86,0,1425,713,18.9,1425,54.4,45.6,13.6,13.0,48.6,7586419.0,66422.0,114.2,21885215.62,15396.51,,,,12.0,593.0,528.0,82.0,98.8,0.0,1.2,82.0,64.0,78.0,0.0,28.1,10.9,60.9,10.9,26.6,26.6
Abington,51,173,168,161,144,162,140,169,161,169,146,160,153,152,8,2117,1017,19.8,2178,49.7,50.3,8.3,16.5,30.1,12181431.0,92005.0,132.4,34045424.41,15109.81,100.0,47.0,53.0,64.0,565.0,534.0,163.0,93.3,0.6,3.7,149.0,99.0,66.4,0.0,40.4,21.2,38.4,21.2,14.1,18.2
Academy Of the Pacific Rim Charter Public (District),0,0,0,0,0,0,53,72,73,76,82,63,63,58,0,540,201,19.7,538,48.5,51.5,8.2,26.0,48.7,3503450.0,67505.0,51.9,11037174.88,20587.9,109.0,92.7,7.3,,,,59.0,93.2,0.0,0.0,56.0,36.0,64.3,2.8,27.8,16.7,52.8,13.9,27.8,22.2
Acton-Boxborough,73,286,321,365,372,404,390,414,410,421,406,465,450,426,4,5207,2368,17.1,5246,47.8,52.1,5.3,14.1,8.8,36991103.0,91268.0,405.3,96289999.24,17298.43,1070.0,6.3,93.7,487.0,651.0,682.0,439.0,97.3,0.0,0.7,431.0,377.0,87.5,0.0,45.9,3.4,50.7,3.2,1.9,16.7
Acushnet,28,86,83,117,95,80,108,104,100,109,0,0,0,0,0,910,400,15.2,913,47.5,52.5,0.2,12.7,27.7,5221793.0,76566.0,68.2,17164756.77,12949.65,,,,,,,,,,,1.0,,,,,,,,,
Advanced Math and Science Academy Charter (District),0,0,0,0,0,0,0,127,125,125,146,155,147,141,0,966,490,18.6,960,47.6,52.3,2.0,6.3,10.7,5323822.0,72386.0,73.6,15918145.99,16498.74,504.0,20.4,79.6,164.0,629.0,657.0,141.0,98.6,0.0,0.0,139.0,127.0,91.4,0.0,47.2,3.1,49.6,3.1,5.5,19.7
Agawam,106,227,257,251,230,278,254,272,308,275,281,281,217,271,0,3508,2666,13.7,3476,48.3,51.6,4.8,16.8,34.7,26272816.0,85887.0,305.9,68666461.05,17843.79,209.0,44.0,56.0,64.0,578.0,564.0,286.0,90.9,0.0,6.6,258.0,169.0,65.5,0.0,34.9,23.7,41.4,20.7,21.9,7.7
Alma del Mar Charter School (District),0,100,103,102,103,52,49,146,94,48,0,0,0,0,0,797,236,24.1,791,55.0,45.0,30.5,19.7,66.6,4016617.0,63754.0,63.0,10667660.0,16671.61,,,,,,,,,,,,,,,,,,,,
Amesbury,25,134,122,116,125,142,157,166,155,147,136,126,136,157,8,1852,1115,15.1,1869,46.6,53.3,2.1,23.5,29.8,13799456.0,86626.0,159.3,39152791.79,17828.33,126.0,41.3,58.7,45.0,596.0,570.0,161.0,90.1,0.6,3.7,151.0,91.0,60.3,0.0,29.7,27.5,42.9,24.2,5.5,17.6
Amherst,32,127,134,146,132,157,161,140,0,0,0,0,0,0,0,1029,392,15.2,1014,48.2,51.5,11.8,23.3,35.2,9694674.0,83719.0,115.8,28610280.0,23288.79,,,,,,,,,,,,,,,,,,,,
Amherst-Pelham,0,0,0,0,0,0,0,0,210,203,212,206,220,224,8,1283,995,12.8,1280,48.8,50.8,7.7,22.4,29.1,9704310.0,84020.0,115.5,33690959.0,22489.13,178.0,15.2,84.8,41.0,656.0,669.0,232.0,91.8,0.9,1.7,222.0,146.0,65.8,0.0,51.4,22.6,26.0,22.6,3.4,13.7
Andover,54,313,349,442,402,417,458,455,452,476,437,437,408,446,28,5574,3729,12.3,5614,49.8,50.2,3.0,19.7,10.2,45752152.0,94627.0,483.5,117777377.45,19655.77,986.0,25.6,74.4,456.0,607.0,611.0,460.0,97.6,0.4,0.2,450.0,390.0,86.7,0.0,49.5,5.4,45.1,3.8,3.8,15.6
Argosy Collegiate Charter School (District),0,0,0,0,0,0,0,108,109,109,65,85,64,31,0,571,244,21.8,578,45.7,54.3,20.9,24.2,67.7,2541092.0,65775.0,38.6,8288240.76,16313.19,,,,,,,60.0,58.3,0.0,16.7,35.0,22.0,62.9,0.0,27.3,40.9,31.8,36.4,22.7,4.5
Arlington,65,453,484,533,467,508,461,483,456,436,363,352,359,335,0,5755,3172,15.7,5765,49.5,50.2,4.4,16.2,9.8,38878430.0,83466.0,465.8,96863420.28,15628.93,893.0,24.7,75.3,372.0,623.0,617.0,346.0,95.1,0.0,0.3,336.0,266.0,79.2,0.0,58.3,7.9,33.8,7.5,5.6,10.9
Ashburnham-Westminster,29,136,144,184,156,161,178,191,189,179,166,165,132,172,12,2194,1230,17.4,2247,48.9,51.1,1.7,20.4,20.6,12000752.0,74493.0,161.1,32558334.15,13203.96,97.0,27.8,72.2,60.0,599.0,600.0,172.0,95.3,0.0,2.9,169.0,122.0,72.2,0.0,41.8,14.8,43.4,13.1,19.7,10.7
Ashland,50,191,180,202,200,222,208,229,224,218,195,175,224,211,0,2729,1741,15.4,2776,48.5,51.5,6.4,18.4,19.2,17508149.0,84499.0,207.2,43599903.48,14845.05,377.0,12.5,87.5,174.0,602.0,635.0,217.0,96.8,0.0,2.3,214.0,168.0,78.5,0.0,32.7,9.5,57.7,9.5,13.7,17.3
Assabet Valley Regional Vocational Technical,0,0,0,0,0,0,0,0,0,0,306,291,283,269,0,1149,673,12.3,1138,40.3,58.5,4.9,25.8,33.2,10036319.0,92929.0,108.0,23870752.12,20548.12,68.0,66.2,33.8,59.0,519.0,502.0,267.0,98.5,0.0,1.1,263.0,111.0,42.2,0.0,24.3,26.1,49.5,25.2,30.6,9.9
Athol-Royalston,46,100,109,117,127,122,118,113,116,111,100,79,78,85,4,1425,685,18.6,1485,45.1,55.0,3.0,23.6,57.4,7818289.0,67691.0,115.5,26318318.35,14033.44,97.0,89.7,10.3,2.0,,,91.0,70.3,0.0,8.8,70.0,26.0,37.1,0.0,23.1,50.0,26.9,46.2,11.5,7.7
Atlantis Charter (District),0,110,110,110,109,110,110,110,110,110,58,87,76,86,0,1296,542,13.1,1290,52.3,47.7,15.0,13.3,51.9,4893011.0,49544.0,98.8,18466839.0,14187.69,96.0,82.3,17.7,75.0,479.0,449.0,86.0,96.5,0.0,1.2,84.0,47.0,56.0,0.0,27.7,21.3,51.1,21.3,4.3,46.8
Attleboro,104,335,416,397,407,422,456,433,463,479,450,448,471,456,15,5752,3057,17.1,5768,47.1,52.8,5.3,18.1,34.8,34799179.0,89550.0,388.6,92005267.71,14206.24,596.0,57.6,42.4,262.0,560.0,554.0,471.0,90.7,0.2,4.9,447.0,254.0,56.8,0.0,36.6,24.4,39.0,22.0,10.2,14.6
Auburn,66,161,182,187,167,206,195,213,218,202,168,201,176,171,5,2518,1520,16.2,2526,49.9,50.0,2.4,11.6,23.4,14367883.0,80268.0,179.0,38350080.14,14239.6,285.0,53.0,47.0,44.0,558.0,566.0,176.0,91.5,0.0,1.7,162.0,121.0,74.7,0.0,34.7,12.4,52.9,12.4,22.3,16.5
Avon,11,42,46,52,54,50,62,55,59,61,53,49,50,39,0,683,356,13.4,696,47.4,52.6,7.3,21.8,37.4,5523528.0,86036.0,64.2,13140054.0,17557.53,21.0,42.9,57.1,6.0,,,46.0,78.3,0.0,4.3,38.0,25.0,65.8,0.0,32.0,32.0,36.0,32.0,0.0,32.0
Ayer Shirley School District,51,118,142,120,128,140,137,136,137,137,99,95,81,82,0,1603,950,16.4,1615,47.5,52.5,3.4,20.7,27.9,10119963.0,72701.0,139.2,30712776.3,16228.68,110.0,42.7,57.3,24.0,578.0,535.0,86.0,93.0,1.2,2.3,82.0,58.0,70.7,0.0,31.0,19.0,50.0,17.2,12.1,17.2
Barnstable,124,327,342,359,379,340,364,358,351,389,355,335,334,345,11,4713,3180,10.1,4598,48.4,51.4,13.4,17.7,43.7,34915501.0,85472.0,408.5,98005720.48,17404.98,474.0,49.2,50.8,82.0,555.0,553.0,405.0,81.5,0.2,5.4,349.0,224.0,64.2,0.0,29.9,31.3,38.8,30.4,11.6,12.5
Baystate Academy Charter Public School (District),0,0,0,0,0,0,0,71,79,77,70,67,53,52,0,469,369,13.3,470,45.3,54.7,8.7,20.2,76.8,2656998.0,50570.0,52.5,8382148.79,17694.68,13.0,100.0,0.0,22.0,474.0,467.0,50.0,94.0,0.0,6.0,48.0,25.0,52.1,0.0,56.0,32.0,12.0,28.0,12.0,0.0
Bedford,28,160,183,201,213,191,199,205,200,206,207,209,230,183,0,2615,1162,14.9,2621,48.0,51.9,4.6,17.2,10.7,24270763.0,102581.0,236.6,55192858.99,20183.89,275.0,16.7,83.3,249.0,611.0,626.0,189.0,95.8,0.0,1.6,187.0,136.0,72.7,0.0,33.1,22.1,44.9,20.6,4.4,15.4
Belchertown,35,141,138,146,155,150,161,175,167,187,174,187,157,171,5,2149,1189,15.8,2172,49.3,50.5,1.5,20.8,21.6,12701375.0,75874.0,167.4,35668291.58,14560.27,62.0,19.4,80.6,64.0,580.0,584.0,175.0,96.0,0.0,1.7,171.0,121.0,70.8,0.0,43.8,29.8,26.4,28.9,5.0,8.3
Bellingham,57,125,130,139,139,157,143,159,188,164,156,128,147,149,3,1984,787,16.4,2004,50.1,49.9,2.5,20.9,25.1,13991946.0,85213.0,164.2,42475337.14,17620.97,207.0,62.8,37.2,63.0,565.0,555.0,161.0,93.8,1.2,1.2,154.0,97.0,63.0,0.0,36.1,20.6,43.3,16.5,17.5,6.2
Belmont,48,253,341,339,348,372,335,365,367,343,334,318,335,322,0,4420,2062,18.9,4439,50.1,49.9,7.8,11.9,8.8,28236336.0,101061.0,279.4,73554813.0,15279.99,1037.0,8.8,91.2,396.0,650.0,673.0,322.0,98.8,0.0,0.0,320.0,251.0,78.4,0.0,67.7,2.4,29.9,2.4,1.2,15.1
Benjamin Banneker Charter Public (District),19,52,46,47,50,48,42,40,0,0,0,0,0,0,0,344,117,12.6,338,50.3,49.4,4.4,16.0,55.9,1859184.0,93113.0,20.0,8098949.36,24121.25,,,,,,,,,,,,,,,,,,,,
Benjamin Franklin Classical Charter Public (District),0,96,96,96,96,96,96,96,52,52,0,0,0,0,0,776,224,26.0,772,50.4,49.6,7.5,14.4,15.0,4010915.0,72946.0,55.0,11335463.69,15996.31,,,,,,,,,,,,,,,,,,,,
Berkley,41,77,95,86,75,101,93,91,109,96,0,0,0,0,0,864,468,12.7,879,49.3,50.7,0.9,16.4,22.4,5021511.0,77612.0,64.7,11396394.0,12241.02,,,,,,,,,,,,,,,,,,,,
Berkshire Arts and Technology Charter Public (District),0,0,0,0,0,0,0,64,68,67,51,43,47,32,0,372,141,18.5,366,46.2,53.0,1.4,21.6,51.9,2021770.0,53645.0,37.7,6507994.34,17860.95,37.0,62.2,37.8,63.0,541.0,492.0,31.0,93.5,3.2,3.2,30.0,27.0,90.0,0.0,44.4,25.9,29.6,25.9,22.2,7.4
Berkshire Hills,15,68,60,66,53,56,84,70,90,100,113,118,148,122,1,1164,763,10.9,1169,49.9,50.1,4.7,16.8,34.8,9271561.0,83528.0,111.0,29987385.64,22941.92,99.0,36.4,63.6,107.0,583.0,546.0,127.0,90.6,0.0,7.1,114.0,76.0,66.7,1.3,48.7,23.7,26.3,19.7,6.6,11.8
Berlin-Boylston,33,74,84,70,78,67,84,74,92,77,85,72,74,82,0,1046,686,15.7,1057,49.5,50.1,2.4,17.1,14.7,6987556.0,77040.0,90.7,18282809.0,16533.56,85.0,25.9,74.1,63.0,599.0,594.0,82.0,98.8,0.0,0.0,82.0,63.0,76.8,0.0,52.4,7.9,39.7,7.9,4.8,17.5
Beverly,82,371,385,366,359,349,348,364,373,350,295,339,341,302,9,4633,1732,16.4,4655,47.9,52.1,4.0,19.3,29.4,28710045.0,84765.0,338.7,72741821.42,14781.32,269.0,43.5,56.5,185.0,548.0,522.0,319.0,92.2,0.3,1.6,299.0,206.0,68.9,0.0,29.6,16.5,53.9,15.5,13.6,17.5
Billerica,106,371,364,364,364,351,396,369,385,403,266,279,302,239,10,4569,3002,13.2,4638,49.6,50.4,1.9,21.4,22.0,35220392.0,96126.0,366.4,89412353.0,17743.36,457.0,38.1,61.9,258.0,538.0,535.0,257.0,94.9,0.4,1.6,250.0,190.0,76.0,0.0,36.8,21.1,42.1,21.1,12.6,22.6
Blackstone Valley Regional Vocational Technical,0,0,0,0,0,0,0,0,0,0,318,314,298,301,0,1231,796,17.4,1230,50.2,49.7,0.5,10.4,10.5,8911769.0,84520.0,105.4,25584432.57,20622.63,359.0,52.1,47.9,183.0,584.0,570.0,301.0,99.7,0.0,0.0,300.0,212.0,70.7,0.0,40.1,7.1,52.8,6.1,16.0,17.0
Blackstone-Millville,46,105,107,119,125,108,147,112,132,145,99,110,112,94,4,1565,887,14.6,1590,47.9,52.0,1.6,17.1,29.1,8907761.0,82251.0,108.3,26329639.55,14339.98,91.0,51.6,48.4,42.0,527.0,524.0,95.0,94.7,0.0,1.1,93.0,55.0,59.1,0.0,27.3,12.7,60.0,5.5,21.8,16.4
Blue Hills Regional Vocational Technical,0,0,0,0,0,0,0,0,0,0,247,232,217,194,0,890,329,19.1,874,45.8,54.2,1.4,26.7,31.4,7939694.0,96122.0,82.6,20614109.87,23900.42,59.0,71.2,28.8,19.0,544.0,535.0,194.0,98.5,0.5,0.0,193.0,96.0,49.7,0.0,35.4,22.9,41.7,21.9,13.5,20.8
Boston,2673,3244,3508,3635,3637,3583,3306,3196,3340,3413,3399,3795,3532,3616,235,48112,27831,16.2,49310,48.0,52.0,29.3,22.4,64.3,481668763.0,104813.0,4595.5,1570952894.33,24020.5,5505.0,53.6,46.4,2299.0,536.0,549.0,3867.0,78.8,0.3,7.5,3416.0,1701.0,49.8,0.2,38.4,25.7,35.7,25.2,6.1,25.3
Boston Collegiate Charter (District),0,0,0,0,0,0,88,97,106,95,91,93,80,73,0,723,212,24.7,719,51.3,48.7,4.5,18.4,38.7,5591786.0,80772.0,69.2,15248779.53,21783.97,218.0,78.9,21.1,64.0,498.0,511.0,69.0,91.3,0.0,1.4,69.0,51.0,73.9,2.0,54.9,9.8,33.3,7.8,7.8,19.6
Boston Day and Evening Academy Charter (District),0,0,0,0,0,0,0,0,0,0,73,52,26,205,0,356,415,14.7,437,52.9,47.1,16.0,34.8,71.2,3037648.0,116644.0,26.0,7286922.69,18314.23,,,,5.0,,,152.0,5.3,2.6,32.2,27.0,11.0,40.7,0.0,36.4,36.4,27.3,36.4,0.0,27.3
Boston Green Academy Horace Mann Charter School (District),0,0,0,0,0,0,0,47,62,66,87,78,84,81,4,509,270,16.4,501,47.3,52.7,16.4,33.5,72.3,4020150.0,92939.0,43.3,7936636.59,16265.29,59.0,100.0,0.0,32.0,430.0,445.0,78.0,88.5,0.0,3.8,71.0,41.0,57.7,0.0,39.0,34.1,26.8,34.1,7.3,17.1
Boston Preparatory Charter Public (District),0,0,0,0,0,0,0,100,107,105,124,85,78,72,0,671,207,19.4,663,50.7,49.3,19.2,20.2,60.9,4468443.0,76320.0,58.6,13784062.45,23941.47,63.0,93.7,6.3,79.0,448.0,474.0,71.0,88.7,0.0,1.4,66.0,51.0,77.3,0.0,45.1,13.7,41.2,13.7,17.6,21.6
Boston Renaissance Charter Public (District),117,125,140,141,139,120,102,59,0,0,0,0,0,0,0,943,500,16.5,951,51.6,48.4,11.2,11.9,60.8,6350118.0,76505.0,83.0,21550231.0,22898.25,,,,,,,,,,,,,,,,,,,,
Bourne,39,81,115,103,141,128,155,138,165,157,98,94,111,114,11,1650,999,15.2,1656,51.3,48.6,0.9,18.8,31.3,13186684.0,94325.0,139.8,37340744.42,17073.96,135.0,39.3,60.7,91.0,527.0,506.0,123.0,92.7,0.0,2.4,116.0,75.0,64.7,0.0,32.0,24.0,44.0,24.0,14.7,17.3
Boxford,27,78,105,80,87,99,111,92,0,0,0,0,0,0,0,679,352,13.9,678,47.6,52.4,1.2,20.1,7.8,5328238.0,81847.0,65.1,14334636.0,18767.53,,,,,,,,,,,,,,,,,,,,
Braintree,79,313,395,421,366,413,420,438,479,485,366,413,438,430,0,5456,3180,14.8,5517,49.3,50.7,6.4,19.5,22.9,39172634.0,90218.0,434.2,93092438.64,15617.44,774.0,23.0,77.0,526.0,557.0,570.0,435.0,96.1,0.2,2.1,420.0,338.0,80.5,0.0,42.0,12.1,45.9,10.9,10.9,21.0
Brewster,18,67,64,62,53,80,76,0,0,0,0,0,0,0,0,420,322,13.9,429,49.9,50.1,4.7,22.4,32.6,3837468.0,81648.0,47.0,10503520.0,21300.99,,,,,,,,,,,,,,,,,,,,
Bridge Boston Charter School (District),31,40,38,37,40,40,35,30,27,20,0,0,0,0,0,338,125,15.3,335,53.1,46.9,27.8,24.2,66.6,2733609.0,65087.0,42.0,8484575.0,25290.1,,,,,,,,,,,,,,,,,,,,
Bridgewater-Raynham,93,386,401,423,435,424,405,408,431,485,309,327,361,373,11,5272,1866,18.8,5353,48.2,51.8,2.5,17.1,21.8,30730475.0,92617.0,331.8,79229512.72,13939.78,370.0,39.5,60.5,153.0,563.0,568.0,377.0,95.2,0.0,1.6,370.0,273.0,73.8,0.0,33.7,10.6,55.7,10.3,16.8,20.1
Brimfield,10,31,43,26,41,40,31,47,0,0,0,0,0,0,0,269,81,18.5,260,48.5,51.5,1.2,19.2,26.2,2226401.0,89414.0,24.9,4987376.0,15590.42,,,,,,,,,,,,,,,,,,,,
Bristol County Agricultural,0,0,0,0,0,0,0,0,0,0,123,120,107,98,0,448,228,18.7,448,74.1,25.7,0.0,15.4,24.8,2679245.0,76115.0,35.2,9281754.45,20820.45,54.0,70.4,29.6,23.0,552.0,505.0,98.0,95.9,0.0,3.1,94.0,46.0,48.9,0.0,26.1,45.7,28.3,45.7,4.3,6.5
Bristol-Plymouth Regional Vocational Technical,0,0,0,0,0,0,0,0,0,0,343,351,334,291,0,1319,1036,18.9,1310,42.4,57.6,0.3,17.4,30.2,10058370.0,94783.0,106.1,25739081.0,19329.44,67.0,67.2,32.8,57.0,544.0,536.0,295.0,95.9,0.0,3.7,284.0,110.0,38.7,0.0,28.2,32.7,39.1,32.7,13.6,17.3
Brockton,212,1149,1046,1069,1173,1296,1283,1218,1240,1326,1096,1228,981,1009,58,15384,7619,18.3,15418,47.3,52.7,26.2,17.2,66.5,101375149.0,102794.0,986.2,274509498.52,15534.73,423.0,76.6,23.4,46.0,523.0,496.0,1153.0,77.2,0.3,8.3,972.0,395.0,40.6,0.3,26.8,32.2,39.2,31.9,13.4,23.8
Brooke Charter School (District),0,185,195,190,196,192,177,182,176,178,148,120,73,41,0,2053,937,17.3,2060,52.5,47.5,7.9,11.7,56.3,13919417.0,77671.0,179.2,40557158.26,20580.39,319.0,73.7,26.3,47.0,499.0,545.0,42.0,78.6,0.0,9.5,34.0,28.0,82.4,0.0,39.3,14.3,46.4,14.3,7.1,39.3
Brookfield,12,32,35,35,40,35,41,36,0,0,0,0,0,0,0,266,85,16.1,259,46.3,53.7,0.4,14.7,31.7,1608613.0,72788.0,22.1,4468580.0,13929.49,,,,,,,,,,,,,,,,,,,,
Brookline,153,488,501,505,545,495,543,568,503,555,509,490,515,503,18,6891,4507,14.5,6834,49.2,50.6,8.4,18.4,11.9,68241445.0,101158.0,674.6,168443506.0,21306.86,757.0,8.1,91.9,533.0,639.0,652.0,509.0,94.9,0.0,0.6,491.0,331.0,67.4,0.0,63.4,5.4,31.1,4.8,3.6,11.2
Burlington,73,260,269,282,286,297,277,256,239,256,205,218,229,241,0,3388,1964,14.1,3474,49.1,50.8,5.8,13.1,17.0,31257450.0,99104.0,315.4,82653523.55,22799.71,245.0,26.9,73.1,293.0,540.0,534.0,254.0,93.3,0.0,0.4,244.0,195.0,79.9,0.0,35.4,14.9,49.7,13.8,5.6,28.2
Cambridge,448,591,531,525,534,481,477,424,403,417,428,478,476,451,14,6678,4599,11.9,6649,49.1,50.7,6.0,22.8,32.8,74361751.0,96662.0,769.3,241963661.99,31146.37,758.0,23.0,77.0,302.0,615.0,601.0,499.0,90.8,0.0,3.2,466.0,301.0,64.6,0.0,54.2,13.0,32.9,12.0,6.3,17.9
Canton,24,219,241,234,221,256,250,242,283,243,213,209,265,258,6,3164,2326,16.2,3193,51.1,48.8,2.6,13.2,18.0,22903929.0,93030.0,246.2,61050697.8,18090.17,571.0,38.7,61.3,352.0,568.0,567.0,265.0,95.5,0.0,1.9,256.0,211.0,82.4,0.0,43.1,9.5,47.4,9.0,11.4,18.5
Cape Cod Lighthouse Charter (District),0,0,0,0,0,0,0,84,84,82,0,0,0,0,0,250,191,14.0,250,48.0,52.0,0.4,17.6,18.4,1794564.0,99637.0,18.0,4701476.42,19365.17,,,,,,,,,,,,,,,,,,,,
Cape Cod Regional Vocational Technical,0,0,0,0,0,0,0,0,0,0,174,168,150,134,0,626,408,13.3,627,36.0,63.5,2.2,24.6,45.1,5443194.0,92887.0,58.6,15534768.0,25108.72,26.0,69.2,30.8,3.0,,,135.0,92.6,0.0,5.2,128.0,36.0,28.1,0.0,13.9,61.1,25.0,61.1,13.9,11.1
Carlisle,9,53,51,63,68,68,58,66,78,65,0,0,0,0,0,579,380,13.7,589,47.9,52.1,2.0,16.3,4.9,6362005.0,110836.0,57.4,12783670.0,20709.01,,,,,,,,,,,,,,,,,,,,
Carver,35,98,127,124,108,139,112,114,114,125,106,98,72,104,0,1476,1169,10.5,1469,48.5,51.5,1.4,18.2,26.9,9448539.0,73358.0,128.8,26347752.6,15692.53,106.0,61.3,38.7,96.0,531.0,521.0,107.0,97.2,0.0,0.9,107.0,74.0,69.2,0.0,33.8,18.9,47.3,17.6,21.6,12.2
Central Berkshire,41,81,110,95,110,113,93,107,115,136,144,117,122,131,0,1515,713,15.3,1498,47.4,52.6,0.7,16.0,36.6,9232004.0,80278.0,115.0,28937440.0,16064.75,167.0,65.9,34.1,56.0,523.0,533.0,135.0,96.3,0.0,3.0,130.0,83.0,63.8,0.0,32.5,20.5,47.0,20.5,18.1,14.5
Chelmsford,76,350,349,381,391,373,363,383,393,359,358,335,342,373,0,4826,2237,19.1,4925,47.9,52.1,4.4,16.5,15.5,31266382.0,82957.0,376.9,82333181.48,15658.95,460.0,29.6,70.4,326.0,574.0,579.0,379.0,95.3,0.0,0.3,363.0,295.0,81.3,0.0,38.6,11.5,49.8,11.5,8.8,23.4
Chelsea,57,477,490,515,515,503,422,472,505,424,432,457,368,290,9,5936,2758,14.6,6112,48.2,51.8,37.4,15.2,72.4,33421047.0,80108.0,417.2,125105654.29,16847.43,166.0,67.5,32.5,22.0,523.0,520.0,350.0,66.6,0.0,11.7,272.0,76.0,27.9,0.0,23.7,57.9,18.4,56.6,6.6,11.8
Chesterfield-Goshen,0,11,18,12,16,16,13,15,0,0,0,0,0,0,0,101,52,15.1,119,42.9,57.1,0.0,23.5,31.1,1035995.0,79692.0,13.0,2669106.44,18484.12,,,,,,,,,,,,,,,,,,,,
Chicopee,121,412,464,459,505,552,528,520,569,547,542,539,527,563,2,6850,3270,14.1,6855,46.3,53.7,6.1,18.4,60.0,48888835.0,83343.0,586.6,124440408.62,15786.92,389.0,67.9,32.1,110.0,559.0,546.0,575.0,87.3,0.9,8.5,516.0,256.0,49.6,0.4,34.4,44.1,21.1,43.4,7.4,9.8
Christa McAuliffe Charter Public (District),0,0,0,0,0,0,0,130,140,129,0,0,0,0,0,399,173,20.7,400,47.0,52.8,4.5,19.5,39.3,2666545.0,67851.0,39.3,7543119.0,19035.3,,,,,,,,,,,,,,,,,,,,
City on a Hill Charter Public School Circuit Street (District),0,0,0,0,0,0,0,0,0,0,69,74,67,89,0,299,89,18.3,275,48.4,51.6,23.6,23.3,70.6,1306386.0,60864.0,21.5,5772128.35,26680.82,50.0,100.0,0.0,8.0,,,79.0,78.5,0.0,6.3,66.0,39.0,59.1,0.0,48.7,25.6,25.6,25.6,5.1,17.9
Clarksburg,0,18,15,20,30,13,22,20,30,22,0,0,0,0,0,190,98,16.1,192,50.0,50.0,0.0,18.8,32.3,1118821.0,77696.0,14.4,3413356.65,14624.49,,,,,,,,,,,,,,,,,,,,
Clinton,41,146,124,171,135,149,140,133,165,143,135,120,103,121,1,1827,850,15.8,1848,46.2,53.8,14.3,21.6,46.5,11143613.0,74489.0,149.6,33159290.18,14843.01,98.0,76.5,23.5,72.0,525.0,498.0,132.0,90.2,0.0,3.8,126.0,69.0,54.8,0.0,31.9,24.6,43.5,24.6,21.7,5.8
Codman Academy Charter Public (District),20,20,21,21,21,22,21,23,22,21,43,39,31,23,0,348,127,16.9,343,51.9,48.1,10.5,27.1,70.6,2393871.0,50789.0,47.1,8893398.87,26163.98,18.0,100.0,0.0,29.0,418.0,417.0,25.0,84.0,0.0,8.0,22.0,9.0,40.9,0.0,22.2,22.2,55.6,22.2,11.1,44.4
Cohasset,25,100,105,103,103,114,94,119,130,108,103,116,103,125,0,1448,901,16.3,1444,49.8,50.1,0.1,12.2,6.4,10840801.0,90946.0,119.2,28320552.62,18386.39,400.0,28.3,71.8,116.0,616.0,585.0,131.0,97.7,0.0,0.0,131.0,108.0,82.4,0.0,58.3,2.8,38.9,0.9,0.9,9.3
Collegiate Charter School of Lowell (District),0,77,84,116,122,116,120,100,121,90,29,40,0,0,0,1015,335,27.1,1003,50.8,49.2,25.8,6.3,54.6,2670642.0,56158.0,47.6,10074290.53,10833.27,,,,,,,,,,,,,,,,,,,,
Community Charter School of Cambridge (District),0,0,0,0,0,0,0,30,40,64,55,37,47,31,0,304,84,21.1,306,57.2,42.8,5.9,16.3,45.8,2545502.0,84551.0,30.1,7727559.0,24228.88,88.0,69.3,30.7,4.0,,,33.0,90.9,0.0,0.0,31.0,25.0,80.6,0.0,60.0,8.0,32.0,4.0,12.0,16.0
Community Day Charter Public School - Gateway (District),34,40,40,43,44,42,41,43,35,38,0,0,0,0,0,400,120,20.0,399,47.9,52.1,19.3,12.5,67.9,2340196.0,57084.0,41.0,6489033.0,16213.66,,,,,,,,,,,,,,,,,,,,
Community Day Charter Public School - Prospect (District),32,21,30,48,50,50,42,42,43,41,0,0,0,0,0,399,114,21.1,400,50.3,49.8,24.0,12.0,65.3,2387439.0,55555.0,43.0,7006651.0,17525.39,,,,,,,,,,,,,,,,,,,,
Community Day Charter Public School - R. Kingman Webster (District),32,42,42,44,45,44,40,41,35,35,0,0,0,0,0,400,120,20.4,404,52.5,47.5,20.8,12.1,60.2,2184295.0,52639.0,41.5,6061644.0,15155.25,,,,,,,,,,,,,,,,,,,,
Concord,37,175,217,220,229,209,233,215,230,236,0,0,0,0,0,2001,1358,16.4,2027,48.6,51.4,2.3,17.6,8.2,18533618.0,108511.0,170.8,45928979.5,21498.31,,,,,,,,,,,,,,,,,,,,
Concord-Carlisle,0,0,0,0,0,0,0,0,0,0,339,340,321,311,5,1316,536,19.5,1316,50.8,48.7,0.3,15.9,8.1,11843143.0,117960.0,100.4,30853560.88,23335.02,512.0,7.2,92.8,375.0,639.0,647.0,314.0,98.4,0.0,0.0,311.0,224.0,72.0,0.0,63.4,6.3,30.4,6.3,0.9,8.0
Conservatory Lab Charter (District),49,49,53,54,54,55,51,30,32,30,0,0,0,0,0,457,174,16.8,447,51.2,48.8,15.2,13.4,61.1,2724254.0,97295.0,28.0,8250841.73,18221.42,,,,,,,,,,,,,,,,,,,,
Conway,7,13,16,17,16,19,20,17,0,0,0,0,0,0,0,125,93,14.5,130,43.9,56.2,0.0,16.9,23.9,1074780.0,78451.0,13.7,3249228.32,22898.01,,,,,,,,,,,,,,,,,,,,
Danvers,87,264,256,261,256,265,262,273,258,259,218,205,205,236,4,3309,2116,16.8,3327,48.7,51.3,1.4,18.7,21.0,23334558.0,92451.0,252.4,65049747.6,18384.98,361.0,44.3,55.7,145.0,549.0,530.0,243.0,95.1,0.8,1.2,238.0,175.0,73.5,0.0,44.0,12.0,44.0,11.4,16.6,13.1
Dartmouth,79,213,251,235,238,250,236,284,280,308,260,242,282,261,0,3419,1905,16.4,3431,48.2,51.8,1.7,18.2,25.9,22738042.0,84371.0,269.5,54281323.91,14766.01,600.0,37.2,62.8,113.0,572.0,559.0,272.0,92.3,0.0,3.3,258.0,194.0,75.2,0.0,30.4,21.6,47.9,20.6,7.7,29.9
Dedham,72,202,217,183,175,187,171,203,209,247,163,172,170,177,8,2556,1236,14.7,2564,47.8,52.1,5.6,22.1,25.7,22261536.0,96958.0,229.6,60482761.75,21269.04,333.0,46.2,53.8,92.0,578.0,586.0,189.0,91.5,0.0,4.2,177.0,124.0,70.1,0.0,42.7,11.3,46.0,11.3,13.7,17.7
Deerfield,8,24,52,39,54,47,38,49,0,0,0,0,0,0,0,311,265,13.4,315,50.8,49.2,1.9,22.5,22.9,2258958.0,61053.0,37.0,7146411.66,16902.58,,,,,,,,,,,,,,,,,,,,
Dennis-Yarmouth,77,206,227,246,195,228,245,202,233,228,148,170,156,178,0,2739,1454,12.6,2788,47.4,52.5,11.4,17.9,49.0,23886410.0,88109.0,271.1,63460633.77,18049.61,268.0,35.8,64.2,56.0,558.0,531.0,178.0,89.9,0.0,5.6,165.0,100.0,60.6,0.0,40.0,25.0,35.0,25.0,8.0,13.0
Dighton-Rehoboth,38,186,176,207,193,202,201,198,231,231,180,169,178,220,6,2616,1406,18.8,2616,48.0,52.0,0.5,16.7,18.7,17483056.0,82157.0,212.8,43236973.04,14714.96,247.0,35.2,64.8,219.0,549.0,537.0,216.0,96.3,0.0,2.3,213.0,158.0,74.2,0.0,43.0,13.9,43.0,11.4,10.1,22.2
Douglas,31,60,91,83,74,95,95,89,86,101,84,75,94,93,0,1151,564,18.1,1181,48.1,51.9,0.6,18.5,19.1,6982527.0,71763.0,97.3,21512112.07,15701.13,138.0,52.2,47.8,46.0,560.0,535.0,97.0,85.6,1.0,6.2,86.0,55.0,64.0,0.0,34.5,20.0,45.5,20.0,18.2,10.9
Dover,8,61,80,76,75,88,87,0,0,0,0,0,0,0,0,475,164,17.4,491,44.4,55.6,1.8,15.5,2.4,3842940.0,98285.0,39.1,12123910.0,24311.03,,,,,,,,,,,,,,,,,,,,
Dover-Sherborn,0,0,0,0,0,0,0,162,187,162,176,161,164,169,4,1185,679,16.9,1181,47.7,52.2,0.3,14.3,4.2,11010867.0,104766.0,105.1,26075007.38,20826.68,550.0,5.6,94.4,206.0,631.0,642.0,176.0,96.0,0.0,0.0,178.0,141.0,79.2,0.0,68.8,2.1,29.1,1.4,3.5,4.3
Dracut,40,300,308,307,311,275,309,294,303,323,211,214,227,229,8,3659,2220,14.5,3675,48.1,51.8,2.0,16.0,29.0,17000491.0,73058.0,232.7,49830013.46,12216.23,184.0,47.8,52.2,157.0,519.0,512.0,237.0,94.5,0.0,2.1,229.0,155.0,67.7,0.0,24.5,32.9,42.6,32.3,4.5,28.4
Dudley Street Neighborhood Charter School (District),45,47,43,43,39,42,35,0,0,0,0,0,0,0,0,294,15,21.0,277,52.4,47.7,40.4,14.8,71.1,1900746.0,92719.0,20.5,5021878.7,18912.03,,,,,,,,,,,,,,,,,,,,
Dudley-Charlton Reg,73,218,235,241,253,244,261,289,329,291,262,213,261,264,5,3439,1629,17.1,3474,48.9,51.1,3.3,16.5,26.6,21797738.0,80494.0,270.8,53361123.68,13935.32,476.0,50.2,49.8,218.0,568.0,569.0,290.0,90.7,0.0,5.5,266.0,196.0,73.7,0.0,42.3,13.3,44.4,10.7,19.9,12.2
Duxbury,29,185,170,175,194,195,217,194,227,245,242,241,226,249,1,2790,1444,19.0,2810,48.3,51.6,0.5,13.8,7.1,19575744.0,88859.0,220.3,50530581.65,16663.01,682.0,32.6,67.4,344.0,592.0,572.0,252.0,96.8,0.0,0.4,246.0,206.0,83.7,0.0,51.5,2.4,46.1,2.4,7.8,8.7
East Bridgewater,71,134,143,139,165,149,164,149,178,172,143,164,160,151,0,2082,1107,19.0,2126,47.4,52.6,1.4,17.6,23.4,11843019.0,77557.0,152.7,31033614.0,13438.54,285.0,61.8,38.2,75.0,556.0,521.0,153.0,95.4,0.0,2.0,146.0,102.0,69.9,0.0,29.4,14.7,55.9,14.7,24.5,19.6
East Longmeadow,12,139,166,153,190,167,188,193,204,188,203,221,206,172,2,2404,1288,17.4,2426,48.0,51.9,1.6,19.2,22.5,15845779.0,76921.0,206.0,44383945.5,16521.72,257.0,31.1,68.9,115.0,569.0,572.0,181.0,96.7,0.0,1.1,177.0,126.0,71.2,0.0,38.1,26.2,35.7,21.4,13.5,9.5
Eastham,22,21,30,28,29,34,30,0,0,0,0,0,0,0,0,194,190,10.2,194,44.9,55.2,6.7,18.0,39.7,2090644.0,92506.0,22.6,4890365.0,22402.04,,,,,,,,,,,,,,,,,,,,
Easthampton,22,109,117,116,107,113,126,110,92,114,97,101,111,108,2,1445,521,20.2,1453,48.3,51.2,3.1,22.4,36.1,8437505.0,72926.0,115.7,27479011.28,14704.88,154.0,62.3,37.7,33.0,534.0,504.0,121.0,89.3,2.5,5.0,108.0,65.0,60.2,0.0,41.5,23.1,35.4,23.1,13.8,12.3
Easton,57,146,222,228,244,248,271,294,268,307,265,286,286,274,14,3410,1257,18.0,3454,49.1,50.9,1.8,19.6,17.0,21415739.0,86598.0,247.3,54571050.59,14798.13,529.0,37.8,62.2,340.0,577.0,567.0,276.0,97.1,0.0,1.8,276.0,226.0,81.9,0.0,48.2,8.0,43.8,6.6,8.0,15.5
Edgartown,5,40,46,47,37,43,36,55,35,38,0,0,0,0,0,382,353,13.4,393,50.1,49.9,22.1,26.0,38.9,4205476.0,96456.0,43.6,11893467.12,25749.01,,,,,,,,,,,,,,,,,,,,
Edward M. Kennedy Academy for Health Careers (Horace Mann Charter) (District),0,0,0,0,0,0,0,0,0,0,100,98,98,89,0,385,212,19.9,401,66.3,33.7,12.2,20.2,72.1,3634474.0,106039.0,34.3,9566427.0,25320.73,73.0,98.6,1.4,87.0,429.0,425.0,88.0,98.9,0.0,0.0,89.0,57.0,64.0,0.0,19.3,31.6,49.1,31.6,7.0,40.4
Erving,13,14,17,15,11,13,21,9,0,0,0,0,0,0,0,113,36,12.4,113,42.5,57.5,0.0,19.5,32.7,1493243.0,86816.0,17.2,6051767.43,26346.4,,,,,,,,,,,,,,,,,,,,
Essex North Shore Agricultural and Technical School District,0,0,0,0,0,0,0,0,0,0,426,413,381,344,0,1564,1150,16.9,1566,58.0,41.7,0.3,16.7,19.2,11713395.0,89211.0,131.3,29615028.66,19862.53,149.0,36.9,63.1,203.0,544.0,519.0,350.0,98.0,0.9,0.9,343.0,212.0,61.8,0.0,37.3,12.7,50.0,11.8,15.1,16.5
Everett,250,363,532,490,536,517,524,514,528,547,562,532,530,457,1,6883,3499,20.0,7204,49.1,50.8,28.5,16.0,63.4,49560097.0,88232.0,561.7,123763644.0,15602.88,355.0,68.7,31.3,52.0,510.0,495.0,466.0,83.3,0.0,11.2,409.0,180.0,44.0,0.6,26.1,23.3,50.0,22.2,15.0,32.8
Excel Academy Charter (District),0,0,0,0,0,0,174,181,177,180,181,174,164,158,0,1389,366,24.3,1398,49.7,50.3,8.7,19.8,54.8,7602812.0,67158.0,113.2,24936594.93,18401.22,602.0,77.4,22.6,142.0,465.0,474.0,158.0,99.4,0.0,0.0,157.0,99.0,63.1,0.0,41.4,23.2,35.4,23.2,8.1,24.2
Fairhaven,20,115,113,122,130,140,142,160,150,144,150,183,158,188,3,1918,1085,8.2,1713,49.4,50.6,1.2,16.8,31.2,10722028.0,82541.0,129.9,28019320.08,13320.33,314.0,34.1,65.9,53.0,575.0,591.0,201.0,93.0,0.0,6.0,189.0,146.0,77.2,0.0,21.9,19.2,58.9,17.8,16.4,28.8
Fall River,223,715,848,828,866,867,902,784,828,810,567,644,564,552,0,9998,5358,14.3,10333,48.7,51.3,17.8,22.7,74.4,57040698.0,74117.0,769.6,198022592.04,15917.19,487.0,56.9,43.1,154.0,518.0,510.0,659.0,79.7,0.3,14.4,549.0,177.0,32.2,0.0,25.4,39.5,35.0,37.9,7.3,22.6
Falmouth,82,193,223,228,259,228,247,248,253,257,199,240,185,183,4,3029,1717,14.8,3019,47.5,52.3,4.2,19.7,33.8,25901892.0,88493.0,292.7,67903584.44,19540.04,230.0,36.1,63.9,110.0,583.0,570.0,210.0,87.6,1.4,10.0,184.0,141.0,76.6,0.0,36.9,19.1,44.0,17.7,9.9,14.2
Farmington River Reg,18,16,17,10,12,14,10,10,0,0,0,0,0,0,0,107,76,13.8,118,50.0,50.0,0.0,24.6,40.7,721474.0,56365.0,12.8,4601153.05,18029.6,,,,,,,,,,,,,,,,,,,,
Fitchburg,101,315,416,468,390,441,416,416,388,374,337,373,316,352,13,5116,2455,18.6,5193,48.0,52.0,16.3,22.4,67.6,30084051.0,80611.0,373.2,93946709.23,15516.07,494.0,76.7,23.3,105.0,520.0,502.0,397.0,84.6,0.3,3.5,348.0,117.0,33.6,0.0,16.2,29.1,54.7,28.2,34.2,13.7
Florida,0,11,7,8,2,11,6,4,18,13,0,0,0,0,0,80,89,9.2,86,45.4,54.7,0.0,22.1,38.4,509459.0,47172.0,10.8,2055966.59,18307.81,,,,,,,,,,,,,,,,,,,,
Four Rivers Charter Public (District),0,0,0,0,0,0,0,0,38,37,35,37,40,28,0,215,187,17.2,215,56.7,42.3,0.0,14.0,28.4,1425900.0,71581.0,19.9,4061988.0,18808.98,,,,,,,32.0,84.4,9.4,3.1,28.0,22.0,78.6,0.0,40.9,27.3,31.8,27.3,13.6,9.1
Foxborough,67,167,178,155,167,187,164,173,215,209,189,188,197,183,11,2450,1332,16.7,2426,47.2,52.8,2.6,20.1,19.0,18691446.0,93364.0,200.2,51732040.52,19126.01,426.0,33.1,66.9,198.0,554.0,568.0,189.0,95.8,0.0,2.1,185.0,141.0,76.2,0.0,37.6,8.5,53.9,7.8,7.1,15.6
Foxborough Regional Charter (District),0,148,150,154,153,152,149,152,145,151,117,95,85,63,0,1714,687,20.2,1687,51.7,48.3,7.4,9.9,30.8,8115043.0,63227.0,128.4,24172722.74,14715.24,176.0,40.9,59.1,50.0,560.0,534.0,65.0,96.9,0.0,3.1,63.0,47.0,74.6,0.0,29.8,17.0,53.2,12.8,12.8,31.9
Framingham,195,660,659,794,688,722,723,624,656,627,661,654,554,516,0,8733,6754,12.4,8862,48.8,51.1,26.9,21.8,46.8,68345350.0,93215.0,733.2,194503804.0,19606.65,820.0,27.6,72.4,197.0,592.0,612.0,615.0,84.7,0.2,7.6,554.0,331.0,59.7,0.0,31.7,19.0,49.2,18.1,15.4,13.0
Francis W. Parker Charter Essential (District),0,0,0,0,0,0,0,0,64,75,68,68,66,58,0,399,252,16.6,391,55.0,44.5,0.0,15.4,9.0,2577758.0,55541.0,46.4,7335367.65,18501.23,14.0,57.1,42.9,64.0,604.0,554.0,60.0,91.7,1.7,0.0,58.0,43.0,74.1,0.0,51.2,9.3,39.5,9.3,11.6,16.3
Franklin,73,265,278,328,329,350,328,348,383,414,414,429,436,449,6,4830,2707,15.4,4847,48.1,51.8,1.5,16.9,12.0,32424432.0,83418.0,388.7,88303921.5,15850.36,1022.0,30.4,69.6,531.0,580.0,571.0,460.0,95.4,0.0,1.7,446.0,382.0,85.7,0.0,44.5,5.5,50.0,4.5,10.2,12.0
Franklin County Regional Vocational Technical,0,0,0,0,0,0,0,0,0,0,171,147,131,106,0,555,250,13.0,543,39.0,60.8,0.4,29.1,39.8,4524338.0,84409.0,53.6,12752434.0,25453.96,14.0,71.4,28.6,11.0,503.0,514.0,105.0,93.3,0.0,3.8,102.0,20.0,19.6,0.0,10.0,85.0,5.0,75.0,5.0,0.0
Freetown-Lakeville,33,199,214,208,210,200,217,204,229,234,199,194,156,205,0,2702,1005,17.0,2603,49.7,50.3,0.9,16.7,18.9,15504327.0,77990.0,198.8,40050857.0,13686.52,336.0,34.8,65.2,90.0,575.0,569.0,208.0,95.7,0.0,0.5,204.0,146.0,71.6,0.0,37.7,25.3,37.0,24.7,15.1,17.1
Frontier,0,0,0,0,0,0,0,0,114,126,99,99,102,103,6,649,529,12.0,649,46.7,53.3,0.6,15.9,21.4,3792559.0,72102.0,52.6,13497052.99,17972.11,182.0,38.5,61.5,13.0,616.0,596.0,107.0,90.7,0.9,4.7,100.0,77.0,77.0,0.0,44.2,20.8,35.1,19.5,10.4,16.9
Gardner,56,153,161,145,167,140,177,191,176,205,184,137,151,159,9,2211,700,16.7,2148,47.3,52.7,6.0,23.4,58.3,12596458.0,70926.0,177.6,36106498.82,13749.62,115.0,62.6,37.4,65.0,518.0,510.0,174.0,86.8,1.7,4.6,174.0,79.0,45.4,0.0,20.3,29.1,50.6,27.8,31.6,16.5
Gateway,26,46,49,52,72,51,59,77,69,58,49,50,39,53,3,753,555,12.6,758,47.9,52.1,2.2,23.2,38.5,5080055.0,67554.0,75.2,16657248.89,17769.63,50.0,36.0,64.0,13.0,583.0,559.0,57.0,93.0,0.0,3.5,56.0,35.0,62.5,0.0,20.0,31.4,48.6,31.4,17.1,20.0
Georgetown,17,83,105,104,99,91,96,82,116,88,74,83,91,89,0,1218,623,14.9,1223,50.0,50.0,0.0,17.0,11.5,8187399.0,79955.0,102.4,21872939.68,15812.14,117.0,12.8,87.2,114.0,577.0,569.0,92.0,96.7,0.0,2.2,90.0,77.0,85.6,0.0,44.2,10.4,45.5,9.1,2.6,13.0
Gill-Montague,34,55,56,70,75,65,72,71,82,76,49,38,39,58,6,846,519,13.5,845,48.5,51.1,7.8,27.5,52.8,5887919.0,73507.0,80.1,22034926.19,17528.38,30.0,66.7,33.3,,,,64.0,75.0,4.7,7.8,51.0,28.0,54.9,0.0,25.0,42.9,32.1,39.3,7.1,3.6
Global Learning Charter Public (District),0,0,0,0,0,0,89,89,91,90,39,47,34,24,0,503,347,16.9,503,51.3,48.7,9.7,11.1,59.4,2633771.0,61509.0,42.8,8249528.0,16419.59,,,,13.0,538.0,511.0,23.0,100.0,0.0,0.0,24.0,15.0,62.5,0.0,0.0,40.0,60.0,40.0,13.3,46.7
Gloucester,66,224,219,202,199,208,223,206,201,199,258,202,193,159,7,2766,1446,13.1,2691,47.8,52.1,7.9,25.5,41.5,23092752.0,86360.0,267.4,57451422.83,17843.17,160.0,45.0,55.0,95.0,542.0,532.0,185.0,81.1,0.5,8.6,163.0,68.0,41.7,0.0,41.2,23.5,35.3,23.5,13.2,5.9
Gosnold,0,0,0,1,0,0,1,0,2,0,0,0,0,0,0,4,10,2.8,6,50.0,50.0,0.0,0.0,0.0,,,,,,,,,,,,,,,,,,,,,,,,,
Grafton,86,204,247,193,235,238,244,286,246,267,213,234,240,183,5,3121,1948,16.0,3152,47.9,52.0,2.0,18.5,16.0,19752120.0,78413.0,251.9,44916138.46,13567.37,332.0,25.9,74.1,163.0,581.0,588.0,191.0,92.7,0.5,1.6,181.0,141.0,77.9,0.0,34.8,9.2,56.0,9.2,16.3,17.7
Granby,24,47,54,65,52,43,58,45,51,51,49,58,65,54,0,716,390,14.1,715,45.0,54.7,5.2,19.6,33.0,3697213.0,58967.0,62.7,12048438.43,14157.98,64.0,53.1,46.9,34.0,554.0,558.0,56.0,94.6,1.8,3.6,53.0,31.0,58.5,0.0,25.8,45.2,29.0,45.2,9.7,16.1
Greater Fall River Regional Vocational Technical,0,0,0,0,0,0,0,0,0,0,374,367,359,352,0,1452,860,16.0,1439,44.7,55.0,1.7,10.2,41.1,13040284.0,100156.0,130.2,28396203.0,19128.46,78.0,84.6,15.4,57.0,525.0,506.0,351.0,98.0,0.0,0.9,346.0,146.0,42.2,0.0,17.1,45.9,37.0,44.5,6.8,24.0
Greater Lawrence Regional Vocational Technical,0,0,0,0,0,0,0,0,0,0,420,428,400,386,0,1634,1787,13.7,1629,50.3,49.7,9.6,14.9,60.0,14036382.0,90557.0,155.0,36550706.4,22937.37,,,,8.0,,,379.0,97.6,0.0,1.1,376.0,156.0,41.5,0.0,15.4,66.7,17.9,64.1,2.6,12.8
Greater Lowell Regional Vocational Technical,0,0,0,0,0,0,0,0,0,0,596,584,560,538,18,2296,1444,17.9,2286,48.8,50.7,9.8,16.9,50.0,17585474.0,89676.0,196.1,48146037.0,20642.27,131.0,66.4,33.6,37.0,504.0,492.0,542.0,96.1,0.4,1.1,525.0,188.0,35.8,0.0,21.3,51.6,27.1,49.5,6.4,18.6
Greater New Bedford Regional Vocational Technical,0,0,0,0,0,0,0,0,0,0,567,527,521,498,0,2113,1986,15.1,2106,47.7,52.3,4.2,10.3,42.2,16061624.0,93545.0,171.7,45663080.33,21564.62,79.0,74.7,25.3,12.0,543.0,533.0,503.0,94.8,0.0,3.6,486.0,218.0,44.9,0.5,17.4,38.1,44.0,37.6,14.7,25.7
Greenfield,54,121,141,121,130,138,122,119,119,116,95,88,103,78,0,1545,722,16.3,1556,47.8,52.3,5.2,19.2,54.9,8324786.0,59209.0,140.6,36378451.0,16740.35,129.0,61.2,38.8,2.0,,,91.0,84.6,1.1,6.6,79.0,41.0,51.9,0.0,41.5,19.5,39.0,19.5,9.8,19.5
Greenfield Commonwealth Virtual District,0,32,37,40,51,46,48,55,101,109,132,112,87,93,0,943,340,18.6,1002,53.9,45.2,2.3,22.1,50.0,,,,7617579.0,10595.13,27.0,48.1,51.9,7.0,,,124.0,47.6,7.3,26.6,78.0,28.0,35.9,3.6,25.0,50.0,21.4,50.0,10.7,7.1
Groton-Dunstable,37,127,155,169,172,175,155,197,172,182,171,168,188,189,5,2262,1099,16.8,2274,48.3,51.5,1.1,16.2,8.0,16150068.0,84511.0,191.1,42080220.0,17019.99,370.0,25.1,74.9,264.0,600.0,621.0,194.0,97.9,0.0,0.0,193.0,158.0,81.9,0.0,34.2,10.1,55.7,9.5,6.3,21.5
Hadley,18,36,28,35,26,31,39,35,44,48,50,38,36,42,0,506,399,16.2,507,45.8,54.0,4.1,14.0,23.5,3389879.0,77043.0,44.0,10923120.58,16452.96,44.0,29.5,70.5,14.0,595.0,575.0,45.0,93.3,0.0,4.4,44.0,32.0,72.7,0.0,46.9,15.6,37.5,15.6,3.1,15.6
Halifax,0,67,60,82,99,100,80,81,0,0,0,0,0,0,0,569,274,17.9,568,46.7,53.4,1.1,18.1,22.4,3405790.0,94605.0,36.0,9875768.95,15851.96,,,,,,,,,,,2.0,,,,,,,,,
Hamilton-Wenham,31,122,122,122,134,122,120,136,127,130,124,129,131,140,0,1690,1221,11.8,1683,51.6,48.4,0.8,17.4,7.7,12497743.0,92031.0,135.8,35421785.0,18724.84,219.0,37.9,62.1,124.0,592.0,587.0,144.0,97.2,0.0,1.4,141.0,113.0,80.1,0.0,49.6,8.0,42.5,7.1,5.3,8.0
Hampden Charter School of Science East (District),0,0,0,0,0,0,0,86,85,88,83,87,56,55,0,540,252,19.0,536,50.6,49.3,5.8,14.0,52.2,2532188.0,56858.0,44.5,7868648.16,14986.19,200.0,51.5,48.5,42.0,538.0,532.0,55.0,94.5,0.0,3.6,54.0,43.0,79.6,0.0,48.8,27.9,23.3,25.6,9.3,9.3
Hampden Charter School of Science West (District),0,0,0,0,0,0,0,54,71,68,59,41,27,0,0,320,162,17.4,327,46.8,53.2,7.7,17.7,52.0,1559405.0,47259.0,33.0,4273905.1,16529.01,2.0,,,,,,,,,,,,,,,,,,,
Hampden-Wilbraham,85,156,193,185,189,197,204,196,216,219,261,246,276,242,0,2865,1154,17.9,2892,49.5,50.5,1.2,16.7,20.5,17506595.0,78965.0,221.7,49879189.85,16185.08,274.0,23.0,77.0,290.0,557.0,566.0,246.0,97.2,0.8,1.2,241.0,191.0,79.3,0.0,41.9,22.5,35.6,19.9,8.4,12.0
Hampshire,0,0,0,0,0,0,0,0,128,117,101,99,135,98,5,683,576,11.2,684,56.3,43.4,1.9,21.6,17.8,5380021.0,74105.0,72.6,15231756.94,18435.92,169.0,44.4,55.6,53.0,604.0,576.0,102.0,96.1,0.0,2.9,100.0,82.0,82.0,0.0,20.7,47.6,31.7,47.6,12.2,7.3
Hancock,5,5,9,7,4,9,6,12,0,0,0,0,0,0,0,57,76,7.0,56,55.4,44.6,0.0,30.4,32.1,500535.0,67640.0,7.4,1635374.35,16824.84,,,,,,,,,,,,,,,,,,,,
Hanover,52,192,211,204,176,209,197,212,183,216,182,175,188,212,5,2614,1468,17.7,2641,48.4,51.6,1.0,19.8,9.6,17699719.0,89078.0,198.7,40832752.22,14912.26,494.0,38.9,61.1,208.0,561.0,558.0,212.0,98.6,0.0,0.0,209.0,181.0,86.6,0.0,57.5,3.9,38.7,3.9,8.8,6.1
Harvard,22,47,61,58,78,67,80,77,86,85,85,71,92,97,0,1006,600,14.2,1008,50.2,49.7,0.9,10.8,6.5,7934789.0,86248.0,92.0,22154992.03,20195.98,257.0,12.8,87.2,80.0,632.0,628.0,99.0,99.0,0.0,0.0,100.0,84.0,84.0,0.0,67.9,8.3,23.8,8.3,0.0,13.1
Hatfield,12,17,29,33,23,38,27,37,33,35,22,25,41,25,0,397,293,12.1,394,47.2,52.0,0.3,27.2,16.0,2866831.0,71137.0,40.3,7082139.0,13775.8,65.0,58.5,41.5,6.0,,,25.0,96.0,0.0,4.0,24.0,19.0,79.2,0.0,26.3,36.8,36.8,36.8,5.3,21.1
Haverhill,182,472,585,606,651,641,643,705,677,697,533,451,413,482,33,7771,3998,17.2,7848,47.8,52.1,10.1,22.7,55.3,45861438.0,77182.0,594.2,128697152.17,14635.99,483.0,51.6,48.4,110.0,547.0,545.0,520.0,81.3,0.8,7.9,457.0,251.0,54.9,0.0,25.9,39.8,34.3,39.8,9.2,15.5
Hawlemont,13,13,11,13,12,23,16,17,0,0,0,0,0,0,0,118,39,15.5,124,58.9,41.1,4.0,30.7,50.8,789649.0,76665.0,10.3,2760550.02,17178.28,,,,,,,,,,,,,,,,,,,,
Helen Y. Davis Leadership Academy Charter Public (District),0,0,0,0,0,0,0,33,80,80,0,0,0,0,0,193,64,14.7,189,50.3,49.7,4.8,19.6,66.1,1421711.0,86164.0,16.5,4064727.0,20169.34,,,,,,,,,,,,,,,,,,,,
Hill View Montessori Charter Public (District),0,35,32,33,34,40,34,31,32,32,0,0,0,0,0,303,122,20.7,304,51.6,48.4,5.9,18.4,31.6,1528087.0,63670.0,24.0,4565108.39,14608.35,,,,,,,,,,,,,,,,,,,,
Hilltown Cooperative Charter Public (District),0,20,20,20,21,22,22,30,31,32,0,0,0,0,0,218,53,25.7,218,48.6,50.9,0.0,16.1,14.7,1352913.0,67815.0,20.0,3836642.6,17610.59,,,,,,,,,,,,,,,,,,,,
Hingham,27,215,254,275,292,299,321,298,336,291,306,332,327,317,4,3894,2293,13.4,3941,49.0,50.9,0.4,14.7,6.6,29708811.0,99261.0,299.3,66240655.0,15293.83,588.0,13.1,86.9,365.0,619.0,615.0,319.0,95.3,0.6,1.3,305.0,253.0,83.0,0.0,51.8,3.2,45.1,2.8,3.2,10.3
Holbrook,37,87,110,117,106,116,106,89,101,96,96,78,67,57,5,1268,695,15.3,1281,47.5,52.3,5.9,19.1,36.9,7261155.0,75090.0,96.7,21894518.35,15630.01,74.0,54.1,45.9,4.0,,,69.0,87.0,1.4,8.7,60.0,35.0,58.3,0.0,34.3,25.7,40.0,25.7,17.1,20.0
Holland,11,20,18,26,33,29,26,31,0,0,0,0,0,0,0,194,79,15.3,202,43.6,56.4,0.0,14.4,32.2,1339221.0,74817.0,17.9,3734228.0,15849.86,,,,,,,,,,,,,,,,,,,,
Holliston,61,176,192,169,213,224,229,227,222,230,194,199,212,201,5,2754,1210,21.7,2776,47.7,52.2,2.2,16.8,9.1,18184066.0,87172.0,208.6,45368085.7,15049.45,452.0,37.6,62.4,204.0,601.0,601.0,204.0,94.1,0.0,1.0,194.0,164.0,84.5,0.0,47.6,5.5,47.0,5.5,7.9,8.5
Holyoke,266,349,400,379,351,405,353,368,375,341,361,380,378,447,0,5153,2310,17.1,5095,47.3,52.7,19.7,28.3,80.7,29659366.0,72819.0,407.3,120169560.57,17938.16,109.0,72.5,27.5,30.0,542.0,493.0,419.0,76.4,0.5,12.6,365.0,110.0,30.1,0.0,31.8,49.1,19.1,46.4,7.3,8.2
Holyoke Community Charter (District),0,57,82,88,77,86,83,85,73,71,0,0,0,0,0,702,184,22.8,701,52.2,47.8,12.6,22.4,77.2,2805869.0,66020.0,42.5,11198245.68,15969.66,,,,,,,,,,,,,,,,,,,,
Hoosac Valley Regional,27,73,90,72,70,80,76,103,107,95,64,58,70,47,3,1035,565,14.6,980,49.7,50.3,1.2,25.8,54.1,6452828.0,70600.0,91.4,20688745.91,15472.85,120.0,73.3,26.7,30.0,525.0,531.0,47.0,83.0,0.0,10.6,44.0,25.0,56.8,0.0,40.0,16.0,44.0,12.0,16.0,8.0
Hopedale,80,81,71,66,78,82,78,77,90,90,81,67,84,74,0,1099,733,12.8,1094,47.9,52.0,4.0,18.8,18.0,6737149.0,72755.0,92.6,18970288.54,16149.05,156.0,33.3,66.7,81.0,583.0,565.0,75.0,94.7,0.0,1.3,71.0,60.0,84.5,0.0,46.7,8.3,45.0,8.3,13.3,16.7
Hopkinton,75,270,278,308,272,312,297,303,297,322,260,315,289,327,7,3932,2249,19.7,3974,49.3,50.7,7.2,12.9,6.7,27052621.0,97102.0,278.6,58501853.19,14817.72,1087.0,10.2,89.8,344.0,625.0,640.0,329.0,99.4,0.0,0.0,328.0,280.0,85.4,0.0,48.6,2.9,48.6,2.5,4.6,12.9
Hudson,26,166,184,186,213,197,209,163,200,206,171,182,169,144,0,2416,1414,15.4,2432,51.0,48.9,13.5,18.0,30.8,19647503.0,84324.0,233.0,50601612.1,17984.65,193.0,48.7,51.3,150.0,558.0,538.0,172.0,83.1,0.0,11.6,146.0,95.0,65.1,0.0,41.1,10.5,48.4,9.5,18.9,12.6
Hull,31,43,54,54,55,58,57,61,62,65,59,65,65,73,0,802,525,10.1,812,46.3,53.6,1.0,19.2,33.5,7040981.0,88566.0,79.5,21524466.29,23429.27,107.0,42.1,57.9,47.0,575.0,550.0,74.0,90.5,2.7,2.7,69.0,42.0,60.9,0.0,38.1,11.9,50.0,9.5,7.1,14.3
Innovation Academy Charter (District),0,0,0,0,0,0,100,100,102,100,108,98,86,96,0,790,658,12.4,787,52.2,47.3,2.4,21.5,18.7,4184702.0,66797.0,62.7,12758632.0,16050.61,5.0,,,17.0,672.0,702.0,98.0,88.8,2.0,3.1,89.0,74.0,83.1,0.0,44.6,9.5,45.9,9.5,14.9,25.7
Ipswich,27,88,97,107,131,115,121,113,122,136,134,123,142,136,2,1594,1017,15.1,1604,51.0,48.8,2.1,18.2,15.4,12891496.0,83657.0,154.1,32498022.29,18673.8,266.0,21.4,78.6,145.0,575.0,572.0,142.0,93.7,2.1,0.0,137.0,95.0,69.3,0.0,34.7,10.5,54.7,10.5,9.5,26.3
King Philip,0,0,0,0,0,0,0,0,385,347,306,269,328,305,6,1946,815,18.0,1943,48.9,51.1,0.2,15.4,11.1,11275963.0,84845.0,132.9,38167895.3,18504.75,827.0,28.3,71.7,461.0,576.0,556.0,307.0,94.8,0.0,1.3,299.0,244.0,81.6,0.4,53.3,2.0,44.3,1.2,9.4,12.7
Kingston,0,134,149,150,150,140,162,150,0,0,0,0,0,0,0,1035,402,19.9,1028,48.6,51.4,2.7,18.4,21.1,5649670.0,88276.0,64.0,17153448.97,15399.45,,,,,,,,,,,2.0,,,,,,,,,
KIPP Academy Boston Charter School (District),0,65,71,71,72,72,74,71,58,59,0,0,0,0,0,613,127,31.9,620,47.4,52.6,16.9,15.7,72.4,2946563.0,67731.0,43.5,10676360.0,17937.13,,,,,,,,,,,,,,,,,,,,
KIPP Academy Lynn Charter (District),0,125,124,124,124,125,128,126,124,124,130,126,117,118,0,1615,483,24.3,1611,50.3,49.7,12.2,11.4,57.9,6913386.0,64648.0,106.9,28788516.6,18049.45,155.0,80.6,19.4,2.0,,,120.0,97.5,0.0,1.7,118.0,79.0,66.9,0.0,35.4,8.9,55.7,8.9,21.5,32.9
Lawrence,322,730,951,1012,1016,1044,1074,1071,1135,1109,805,923,804,807,39,12842,6805,17.9,13204,47.5,52.3,35.4,19.0,79.5,83801771.0,74603.0,1123.3,251881053.24,15998.44,362.0,76.2,23.8,13.0,537.0,541.0,896.0,78.5,0.4,7.8,786.0,278.0,35.4,0.4,20.5,61.9,17.3,59.4,3.2,12.2
Lawrence Family Development Charter (District),63,81,81,84,84,83,81,77,75,77,0,0,0,0,0,786,406,19.1,795,55.9,44.2,23.5,8.4,67.7,3818832.0,66997.0,57.0,11563961.0,14864.47,,,,,,,,,,,,,,,,,,,,
Learning First Charter Public School (District),0,71,75,75,74,75,81,73,70,71,0,0,0,0,0,665,234,24.7,666,52.0,48.1,26.3,14.0,71.2,3174778.0,84661.0,37.5,,,,,,,,,,,,,,,,,,,,,,
Lee,12,41,45,49,58,47,48,50,40,53,57,62,57,60,4,683,686,8.2,673,48.6,51.3,4.5,16.1,38.5,5322081.0,72409.0,73.5,14427343.23,17479.21,63.0,39.7,60.3,63.0,546.0,542.0,66.0,93.9,0.0,4.5,61.0,42.0,68.9,0.0,35.7,28.6,35.7,26.2,19.0,2.4
Leicester,33,80,97,90,117,92,88,96,128,113,112,98,131,99,0,1374,933,13.7,1387,46.4,53.4,4.3,18.7,31.4,8015806.0,79443.0,100.9,23987213.38,14492.03,102.0,43.1,56.9,48.0,550.0,535.0,101.0,91.1,0.0,5.0,94.0,58.0,61.7,0.0,19.0,24.1,56.9,24.1,39.7,13.8
Lenox,15,44,47,49,48,52,50,60,62,61,65,66,70,61,0,750,569,12.1,744,50.8,49.2,2.7,9.8,20.0,6632432.0,84597.0,78.4,15758827.88,19192.34,105.0,58.1,41.9,26.0,600.0,582.0,61.0,96.7,0.0,0.0,59.0,45.0,76.3,2.2,42.2,24.4,31.1,24.4,11.1,13.3
Leominster,75,345,424,429,423,430,448,473,464,460,460,478,471,479,0,5859,2363,19.6,5969,49.2,50.7,13.1,22.9,48.3,31293361.0,82721.0,378.3,94308326.0,14505.63,300.0,58.0,42.0,103.0,548.0,549.0,474.0,95.6,0.0,1.3,460.0,252.0,54.8,0.0,23.4,25.4,51.2,24.2,29.0,15.5
Leverett,0,15,14,14,18,17,15,23,0,0,0,0,0,0,0,116,57,16.9,118,45.8,54.2,0.0,13.6,18.6,1077106.0,72289.0,14.9,2873165.79,18644.81,,,,,,,,,,,,,,,,,,,,
Lexington,57,309,408,480,507,532,554,567,601,625,550,599,582,530,0,6901,3443,17.4,6945,49.0,50.9,8.2,13.9,6.7,58730499.0,94513.0,621.4,143966810.0,19620.15,1848.0,10.2,89.8,640.0,667.0,689.0,544.0,96.9,0.0,1.1,537.0,425.0,79.1,0.0,61.4,4.0,34.6,4.0,1.9,12.2
Libertas Academy Charter School (District),0,0,0,0,0,0,0,80,86,94,0,0,0,0,0,260,80,18.7,262,50.8,49.2,33.6,24.4,83.2,1690450.0,65022.0,26.0,4971114.01,19141.02,,,,,,,,,,,,,,,,,,,,
Lincoln,75,91,120,141,110,112,94,106,112,87,0,0,0,0,0,1048,275,21.6,1029,50.2,49.9,3.9,18.1,9.6,11723269.0,92894.0,126.2,30458590.61,26035.21,,,,,,,,,,,,,,,,,,,,
Lincoln-Sudbury,0,0,0,0,0,0,0,0,0,0,369,363,406,381,6,1525,1138,17.8,1522,50.3,49.6,0.8,18.8,7.3,14287204.0,113571.0,125.8,34882541.28,22243.68,359.0,6.1,93.9,449.0,629.0,645.0,391.0,96.7,0.0,0.8,382.0,319.0,83.5,0.0,58.3,4.7,37.0,4.4,2.5,8.5
Littleton,34,95,114,109,134,112,127,136,129,128,117,109,98,108,3,1553,807,17.6,1578,50.3,49.7,1.8,15.0,8.9,9530581.0,81250.0,117.3,29653389.0,16634.91,186.0,16.7,83.3,87.0,615.0,620.0,112.0,94.6,0.9,1.8,111.0,99.0,89.2,0.0,31.3,11.1,57.6,9.1,8.1,20.2
Longmeadow,59,148,179,206,197,200,194,207,238,223,223,217,240,220,0,2751,1566,15.5,2765,48.3,51.7,0.6,18.9,10.6,19402811.0,78586.0,246.9,45169756.42,15532.39,269.0,21.2,78.8,138.0,615.0,619.0,222.0,99.1,0.0,0.5,222.0,182.0,82.0,0.0,54.4,8.8,36.8,8.2,6.0,14.8
Lowell,453,1019,1108,1219,1116,1172,1109,1225,1209,1210,905,689,768,799,22,14023,8901,18.1,14364,48.0,52.0,25.0,18.6,64.9,88396989.0,80950.0,1092.0,254502712.13,15234.85,214.0,55.6,44.4,151.0,523.0,533.0,866.0,80.0,0.2,9.0,730.0,389.0,53.3,0.0,17.2,32.1,50.6,30.3,5.9,37.8
Lowell Community Charter Public (District),40,95,94,91,84,87,83,84,76,69,0,0,0,0,0,803,234,20.6,796,50.6,49.3,54.4,16.5,58.2,4320537.0,66783.0,64.7,13761350.57,16909.78,,,,,,,,,,,,,,,,,,,,
Lowell Middlesex Academy Charter (District),0,0,0,0,0,0,0,0,0,0,23,20,20,25,0,88,101,11.3,81,66.7,33.3,3.7,37.0,74.1,743579.0,106165.0,7.0,2096169.57,21585.52,,,,,,,29.0,17.2,0.0,31.0,13.0,,,,,,,,,
Ludlow,49,133,149,151,149,160,168,170,202,209,211,220,210,202,0,2383,1596,11.3,2402,48.9,51.0,4.4,16.0,32.2,16262564.0,73954.0,219.9,46699614.83,17504.92,250.0,53.6,46.4,170.0,551.0,541.0,211.0,93.4,0.9,4.7,200.0,135.0,67.5,0.0,44.4,28.9,26.7,25.9,14.1,5.2
Lunenburg,33,106,105,141,110,111,123,125,141,120,122,113,125,114,4,1593,890,17.0,1595,48.0,51.7,1.2,15.4,21.4,9246816.0,85067.0,108.7,24459626.4,13797.17,169.0,23.7,76.3,53.0,573.0,581.0,114.0,94.7,0.0,1.8,108.0,80.0,74.1,0.0,27.5,16.3,56.3,15.0,27.5,15.0
Lynn,180,1086,1088,1189,1221,1210,1184,1138,1211,1208,1160,1318,1286,1064,44,15587,5093,15.4,12825,47.1,52.7,31.4,17.9,65.6,94658722.0,82162.0,1152.1,271287693.5,14911.0,781.0,76.7,23.3,115.0,533.0,521.0,1198.0,84.1,0.3,10.0,1064.0,389.0,36.6,0.3,25.7,30.6,43.4,29.6,22.4,18.0
Lynnfield,27,170,161,166,189,157,194,180,162,161,147,139,146,168,0,2167,861,17.6,2179,50.1,49.8,2.4,18.1,9.6,15309449.0,96529.0,158.6,37127471.0,16565.15,403.0,33.0,67.0,168.0,562.0,565.0,168.0,98.8,0.0,0.0,168.0,142.0,84.5,0.0,57.7,4.2,38.0,4.2,6.3,7.0
Ma Academy for Math and Science,0,0,0,0,0,0,0,0,0,0,0,0,50,48,0,98,32,11.0,44,52.3,47.7,0.0,0.0,2.3,,,,,,129.0,17.8,82.2,62.0,721.0,770.0,49.0,98.0,0.0,0.0,48.0,44.0,91.7,0.0,72.7,0.0,27.3,0.0,0.0,4.5
Malden,217,401,457,446,450,467,470,513,470,490,434,440,445,397,23,6120,2778,18.6,6237,48.2,51.7,19.5,16.9,54.1,39473864.0,83366.0,473.5,115382443.85,15589.69,391.0,47.6,52.4,80.0,554.0,584.0,473.0,81.0,0.4,10.6,406.0,194.0,47.8,0.0,28.9,30.9,40.2,27.8,7.2,28.9
Manchester Essex Regional,12,56,78,72,84,86,74,102,113,128,96,117,123,123,0,1264,671,14.8,1271,49.0,50.9,0.6,17.6,11.8,11474261.0,88536.0,129.6,27047349.84,19200.22,391.0,22.3,77.7,60.0,617.0,626.0,132.0,93.9,0.0,1.5,125.0,101.0,80.8,0.0,47.5,3.0,49.5,3.0,4.0,15.8
Mansfield,91,222,211,223,237,243,268,255,283,266,275,307,285,326,12,3504,1525,15.0,3527,48.1,51.9,2.1,14.4,17.6,27020092.0,91284.0,296.0,67442825.39,17726.19,544.0,22.4,77.6,280.0,587.0,587.0,331.0,96.4,0.0,1.8,322.0,251.0,78.0,0.0,44.6,6.4,49.0,6.0,12.4,12.7
Map Academy Charter School (District),0,0,0,0,0,0,0,0,0,0,39,51,73,43,0,206,130,15.1,203,38.9,58.6,0.0,49.8,55.7,1116387.0,55261.0,20.2,2905314.23,17878.86,,,,,,,60.0,25.0,0.0,5.0,40.0,11.0,27.5,0.0,0.0,90.9,9.1,81.8,9.1,0.0
Marblehead,41,136,160,180,190,200,190,202,203,249,225,228,248,247,5,2704,1603,16.2,2723,48.1,51.7,4.4,22.1,12.2,21656505.0,84365.0,256.7,55787478.59,17769.54,701.0,34.8,65.2,289.0,608.0,599.0,258.0,95.3,0.8,0.4,252.0,200.0,79.4,0.0,48.0,5.0,47.0,4.0,4.5,11.0
Marblehead Community Charter Public (District),0,0,0,0,0,50,49,52,32,25,0,0,0,0,0,208,89,18.2,211,44.6,55.5,8.1,26.5,17.5,1330079.0,64100.0,20.8,3672672.57,17814.67,,,,,,,,,,,,,,,,,,,,
Marion,13,41,54,59,55,54,60,60,0,0,0,0,0,0,0,396,313,9.4,403,47.4,52.6,0.3,19.9,25.3,2895013.0,88533.0,32.7,7560587.08,17016.85,,,,,,,,,,,,,,,,,,,,
Marlborough,157,384,421,402,370,387,416,375,368,396,207,277,248,262,12,4682,3081,12.2,4901,47.1,52.9,25.4,16.7,48.9,33937674.0,85680.0,396.1,94688521.2,17135.71,373.0,65.4,34.6,149.0,526.0,515.0,286.0,86.4,0.7,8.0,254.0,121.0,47.6,0.0,35.5,21.5,43.0,20.7,17.4,18.2
Marshfield,98,244,257,218,252,299,267,291,286,328,262,328,327,303,0,3760,2148,11.6,3817,48.1,51.9,1.3,18.6,15.6,26840672.0,80506.0,333.4,63529389.28,15650.72,397.0,30.0,70.0,273.0,574.0,569.0,312.0,96.2,0.0,1.3,303.0,236.0,77.9,0.0,44.1,6.8,49.2,6.4,14.0,9.3
Martha's Vineyard,0,0,0,0,0,0,0,0,0,0,165,190,162,168,4,689,423,12.8,677,47.0,53.0,11.2,20.5,34.3,7733332.0,103664.0,74.6,23257918.65,32647.27,328.0,48.5,51.5,136.0,572.0,564.0,178.0,90.4,0.6,3.4,164.0,91.0,55.5,0.0,50.5,12.1,37.4,7.7,3.3,11.0
Martha's Vineyard Charter (District),0,12,13,16,17,11,20,18,14,20,9,5,16,5,0,176,86,11.6,166,54.2,45.8,5.4,27.1,41.6,1462002.0,81267.0,18.0,5495191.0,31760.44,,,,2.0,,,8.0,62.5,0.0,25.0,5.0,,,,,,,,,
Martin Luther King Jr. Charter School of Excellence (District),0,66,60,61,59,60,59,0,0,0,0,0,0,0,0,365,108,20.0,360,48.6,51.4,27.2,14.7,77.5,2359126.0,59141.0,39.9,6729911.07,18508.6,,,,,,,,,,,,,,,,,,,,
Masconomet,0,0,0,0,0,0,0,0,314,262,265,282,279,282,0,1684,940,15.8,1692,53.1,46.8,0.1,17.1,8.4,13818934.0,107457.0,128.6,36275518.51,20536.41,339.0,16.5,83.5,282.0,592.0,601.0,288.0,95.1,0.3,1.4,279.0,229.0,82.1,0.0,48.5,11.8,39.7,9.6,6.1,7.9
Mashpee,54,93,92,91,105,97,119,119,115,141,95,122,106,119,0,1468,959,14.8,1525,48.8,51.2,4.7,15.3,36.1,11369915.0,79343.0,143.3,33941581.26,19341.03,196.0,49.5,50.5,40.0,575.0,564.0,120.0,97.5,0.0,0.8,116.0,84.0,72.4,0.0,31.0,28.6,40.5,27.4,9.5,16.7
MATCH Charter Public School (District),53,90,95,99,95,96,95,92,96,88,85,83,73,73,0,1213,357,19.9,1220,51.6,48.4,18.3,23.0,69.8,7785711.0,68902.0,113.0,27673158.0,22752.85,230.0,96.1,3.9,72.0,455.0,503.0,70.0,95.7,0.0,2.9,72.0,45.0,62.5,0.0,40.0,17.8,42.2,17.8,4.4,37.8
Mattapoisett,21,48,49,63,54,57,61,52,0,0,0,0,0,0,0,405,402,10.5,412,48.5,51.5,0.5,17.0,18.9,3503383.0,92682.0,37.8,9315178.6,20890.73,,,,,,,,,,,,,,,,,,,,
Maynard,34,79,100,87,110,95,96,74,94,97,69,72,91,79,2,1179,805,15.6,1189,48.7,51.1,4.5,18.3,20.9,9364721.0,87603.0,106.9,28470329.36,19862.1,130.0,36.9,63.1,31.0,640.0,621.0,86.0,84.9,2.3,7.0,76.0,60.0,78.9,0.0,33.3,16.7,50.0,16.7,15.0,16.7
Medfield,36,163,188,192,190,196,211,191,186,183,185,201,192,195,2,2511,1475,17.5,2507,49.1,50.9,1.1,12.7,6.2,19913677.0,99271.0,200.6,44347560.74,16869.89,494.0,27.5,72.5,299.0,588.0,599.0,201.0,96.5,0.0,2.0,196.0,153.0,78.1,0.0,54.2,3.9,41.8,2.6,4.6,9.8
Medford,66,268,279,282,283,305,294,304,309,280,307,352,303,304,7,3943,2194,13.0,3969,47.8,52.2,10.7,20.3,34.9,33842913.0,88179.0,383.8,97019284.0,20558.42,296.0,31.4,68.6,179.0,552.0,555.0,302.0,92.4,0.0,5.0,294.0,174.0,59.2,0.0,32.8,22.4,44.8,22.4,6.3,28.7
Medway,27,143,152,146,148,149,167,161,178,172,143,160,176,152,0,2074,1215,15.9,2094,50.0,49.9,1.9,16.0,12.5,12990816.0,76733.0,169.3,36976927.58,16254.31,484.0,36.6,63.4,239.0,580.0,584.0,158.0,96.8,0.0,1.3,156.0,127.0,81.4,0.0,50.4,10.2,39.4,10.2,7.1,13.4
Melrose,118,300,296,304,312,320,298,274,278,272,221,222,245,235,6,3701,1641,18.7,3691,50.4,49.6,5.6,16.6,13.5,21314707.0,76369.0,279.1,54463574.56,12665.06,486.0,32.5,67.5,150.0,597.0,563.0,241.0,96.7,0.4,1.2,240.0,202.0,84.2,0.0,46.0,3.5,50.5,3.5,6.4,14.4
Mendon-Upton,47,136,154,156,166,146,156,165,195,208,153,151,175,155,3,2166,1163,15.2,2170,49.8,50.2,2.4,16.4,11.7,13294373.0,84948.0,156.5,39475297.09,16675.24,456.0,37.5,62.5,249.0,573.0,551.0,163.0,93.9,0.6,3.1,157.0,121.0,77.1,0.0,41.3,9.1,49.6,9.1,9.9,16.5
Methuen,82,365,475,481,501,492,502,513,548,585,432,510,492,472,0,6450,3001,18.3,6572,47.2,52.8,11.7,18.7,43.8,39006024.0,79604.0,490.0,106761138.16,14738.07,576.0,53.8,46.2,144.0,551.0,544.0,489.0,91.0,0.0,4.9,461.0,277.0,60.1,0.0,33.6,30.7,35.7,29.6,10.1,22.0
Middleborough,49,202,213,209,230,218,215,226,256,265,213,210,218,185,7,2916,1688,16.0,2922,48.8,51.2,1.5,17.7,34.0,17710437.0,77882.0,227.4,48975261.14,15312.43,210.0,39.0,61.0,216.0,545.0,526.0,194.0,94.8,0.0,2.1,187.0,116.0,62.0,0.0,27.6,19.0,52.6,19.0,31.0,11.2
Middleton,60,98,87,101,80,83,81,88,0,0,0,0,0,0,0,678,362,13.9,682,51.3,48.7,1.8,19.1,9.8,5409677.0,79789.0,67.8,13843967.0,18907.36,,,,,,,,,,,,,,,,,,,,
Milford,92,295,301,288,314,324,332,330,347,355,309,348,304,280,16,4235,2895,11.3,4329,47.2,52.8,22.9,17.1,47.0,29485735.0,87210.0,338.1,72657471.05,15348.98,372.0,41.4,58.6,70.0,581.0,556.0,309.0,81.9,0.3,11.0,261.0,156.0,59.8,0.0,34.6,18.6,46.8,17.9,17.9,16.0
Millbury,55,91,121,118,124,96,117,132,120,151,119,130,93,119,1,1587,782,16.7,1533,47.2,52.5,3.7,19.4,29.8,10957406.0,81528.0,134.4,30348559.0,17011.52,137.0,59.9,40.1,54.0,529.0,517.0,127.0,89.0,0.0,6.3,114.0,80.0,70.2,0.0,37.5,17.5,45.0,16.3,12.5,18.8
Millis,42,82,83,78,99,82,82,105,77,94,96,72,72,92,0,1156,586,16.1,1172,49.1,50.8,2.1,14.2,14.9,8727556.0,89148.0,97.9,21877312.77,17465.52,189.0,28.6,71.4,72.0,563.0,573.0,92.0,95.7,1.1,1.1,88.0,68.0,77.3,0.0,39.7,8.8,51.5,7.4,8.8,16.2
Milton,94,311,370,367,384,394,351,344,307,306,293,272,277,276,9,4355,2244,17.3,4343,50.5,49.4,2.1,17.2,12.3,27826821.0,87644.0,317.5,69859324.05,15508.44,779.0,33.0,67.0,289.0,597.0,594.0,284.0,94.4,0.4,0.7,271.0,200.0,73.8,0.0,47.0,6.5,46.5,6.0,4.0,19.0
Minuteman Regional Vocational Technical,0,0,0,0,0,0,0,0,0,0,179,180,134,142,0,635,499,12.8,627,38.4,60.8,0.8,33.7,19.1,7958064.0,100101.0,79.5,20735951.19,34026.83,22.0,50.0,50.0,41.0,572.0,541.0,147.0,90.5,0.7,4.8,138.0,75.0,54.3,0.0,40.0,26.7,33.3,26.7,13.3,8.0
Mohawk Trail,53,41,54,61,62,62,60,62,55,66,35,28,46,50,4,739,452,9.2,747,49.1,50.9,0.7,24.9,36.0,5210099.0,75073.0,69.4,21822886.0,21201.68,46.0,50.0,50.0,33.0,581.0,557.0,60.0,85.0,0.0,11.7,51.0,31.0,60.8,0.0,38.7,22.6,38.7,22.6,9.7,12.9
Monomoy Regional School District,21,102,114,118,137,143,153,158,140,181,112,124,133,121,6,1763,1348,13.4,1766,48.2,51.8,4.9,18.1,32.1,14013595.0,83663.0,167.5,40066656.55,18852.24,212.0,35.4,64.6,77.0,598.0,570.0,117.0,95.7,0.9,0.9,114.0,84.0,73.7,0.0,39.3,28.6,32.1,27.4,13.1,9.5
Monson,33,64,69,68,60,67,73,78,72,58,47,40,66,59,4,858,547,13.5,844,51.2,48.6,0.4,21.0,32.9,5547699.0,69607.0,79.7,18190219.0,17689.6,70.0,64.3,35.7,2.0,,,62.0,90.3,0.0,3.2,56.0,42.0,75.0,0.0,42.9,16.7,40.5,14.3,14.3,11.9
Montachusett Regional Vocational Technical,0,0,0,0,0,0,0,0,0,0,355,354,363,345,0,1417,638,17.8,1401,50.2,48.9,1.0,15.1,27.8,9936423.0,92004.0,108.0,30359806.84,20386.66,189.0,62.4,37.6,57.0,562.0,546.0,342.0,97.4,0.0,0.3,335.0,161.0,48.1,0.0,19.9,33.5,46.6,32.3,33.5,7.5
Mount Greylock,18,56,64,82,76,95,89,85,77,86,115,89,73,87,1,1093,995,9.3,1079,50.7,49.0,0.8,14.9,20.7,8555584.0,76663.0,111.6,21471821.93,17601.3,291.0,39.5,60.5,54.0,618.0,578.0,89.0,94.4,0.0,1.1,84.0,67.0,79.8,0.0,50.7,20.9,28.4,19.4,13.4,11.9
Mystic Valley Regional Charter (District),0,162,159,150,153,123,123,124,149,126,125,87,62,86,0,1629,775,24.0,1609,52.0,48.0,1.9,12.2,24.1,6990499.0,73823.0,94.7,21547970.0,13566.35,,,,107.0,576.0,594.0,86.0,98.8,0.0,1.2,85.0,77.0,90.6,0.0,40.3,5.2,54.5,5.2,10.4,35.1
Nahant,13,28,20,14,15,18,20,19,0,0,0,0,0,0,0,147,74,16.2,155,46.5,53.6,0.0,19.4,22.6,752143.0,65977.0,11.4,4676690.0,16306.45,,,,,,,,,,,,,,,,,,,,
Nantucket,49,114,119,114,114,88,117,144,151,129,133,141,139,109,5,1666,917,16.1,1688,48.0,52.0,15.9,17.6,29.6,14557960.0,94348.0,154.3,40149714.0,23863.13,222.0,64.9,35.1,125.0,524.0,507.0,116.0,91.4,0.0,1.7,118.0,70.0,59.3,0.0,38.6,5.7,55.7,1.4,15.7,11.4
Narragansett,50,89,110,103,104,113,103,113,123,117,89,77,77,55,4,1327,598,17.4,1349,47.4,52.5,0.4,19.4,35.3,6690677.0,67651.0,98.9,22236369.0,13774.62,125.0,55.2,44.8,17.0,588.0,606.0,60.0,86.7,0.0,10.0,52.0,31.0,59.6,0.0,29.0,35.5,35.5,35.5,22.6,6.5
Nashoba,62,216,198,210,228,240,234,266,247,265,223,200,255,236,6,3086,1745,13.3,3108,48.8,51.1,3.1,17.8,10.6,22447099.0,84578.0,265.4,59652269.39,17954.57,556.0,31.7,68.3,333.0,595.0,593.0,239.0,96.2,0.0,0.8,233.0,200.0,85.8,0.0,45.0,10.5,44.5,9.5,9.0,11.5
Nashoba Valley Regional Vocational Technical,0,0,0,0,0,0,0,0,0,0,190,179,180,176,1,726,461,11.9,710,38.3,60.6,0.3,31.6,25.8,5556160.0,86545.0,64.2,14693528.42,20362.43,68.0,72.1,27.9,15.0,561.0,536.0,177.0,95.5,0.0,1.7,172.0,68.0,39.5,0.0,22.1,33.8,44.1,29.4,17.6,10.3
Natick,76,332,393,417,405,414,422,430,411,401,379,380,383,408,0,5251,2569,17.9,5291,48.0,51.9,3.1,16.3,11.1,36870305.0,84410.0,436.8,94514242.9,16744.78,824.0,16.0,84.0,377.0,607.0,603.0,414.0,94.9,0.5,1.2,397.0,318.0,80.1,0.0,51.3,4.4,44.3,3.8,6.3,15.4
Nauset,0,0,0,0,0,0,0,174,190,207,192,209,219,234,1,1426,1070,13.6,1410,52.3,47.2,2.0,15.9,24.8,12554967.0,94540.0,132.8,34482232.0,21492.29,501.0,32.5,67.5,163.0,564.0,534.0,244.0,91.0,0.8,3.3,225.0,179.0,79.6,0.0,48.0,21.2,30.7,17.3,6.1,5.6
Needham,50,333,401,426,438,428,442,394,461,440,424,377,445,423,1,5483,2482,16.4,5527,49.5,50.4,3.3,18.0,6.7,41460599.0,98388.0,421.4,111833201.23,19192.9,876.0,10.2,89.8,357.0,629.0,645.0,430.0,97.4,0.5,0.2,422.0,364.0,86.3,0.0,59.1,2.7,38.2,2.7,1.9,11.0
Neighborhood House Charter (District),39,37,39,43,44,43,63,68,86,82,81,68,63,54,0,810,364,16.7,795,48.7,51.2,9.4,21.8,51.7,5185760.0,67447.0,76.9,15665275.0,22092.71,55.0,100.0,0.0,94.0,440.0,448.0,63.0,77.8,1.6,4.8,49.0,34.0,69.4,0.0,29.4,23.5,47.1,23.5,5.9,38.2
New Bedford,286,956,1037,1078,1057,1157,1049,981,1026,1066,788,805,719,560,0,12565,6457,17.0,12685,47.6,52.4,26.3,22.9,75.0,77632757.0,78322.0,991.2,231122377.15,15864.96,552.0,61.6,38.4,27.0,516.0,490.0,596.0,79.5,0.0,13.3,487.0,134.0,27.5,0.0,20.1,42.5,37.3,42.5,4.5,24.6
New Heights Charter School of Brockton (District),0,0,0,0,0,0,0,117,122,123,98,93,101,88,0,742,190,24.0,636,49.5,50.5,15.9,11.2,50.3,3250143.0,69787.0,46.6,10138551.0,16264.88,,,,6.0,,,95.0,83.2,0.0,10.5,86.0,75.0,87.2,0.0,20.0,41.3,38.7,41.3,6.7,30.7
New Salem-Wendell,9,16,17,22,16,18,17,14,0,0,0,0,0,0,0,129,79,16.4,131,51.2,48.9,0.0,23.7,35.1,958964.0,76717.0,12.5,3097202.0,20072.6,,,,,,,,,,,,,,,,,,,,
Newburyport,42,107,132,137,122,141,147,161,165,171,202,211,178,207,3,2126,1712,14.0,2150,50.0,50.0,2.2,19.2,11.8,17075239.0,89540.0,190.7,44640645.39,18015.52,379.0,38.0,62.0,182.0,581.0,583.0,212.0,93.4,0.0,3.8,202.0,166.0,82.2,0.0,39.8,8.4,51.8,7.2,5.4,3.0
Newton,125,674,819,854,870,928,909,998,956,949,928,978,1017,990,29,12024,5815,17.1,12121,48.9,50.9,5.4,17.7,10.9,101497172.0,93031.0,1091.0,269597506.0,20785.6,1474.0,16.4,83.6,926.0,639.0,657.0,1009.0,95.7,0.1,1.0,974.0,719.0,73.8,0.0,58.3,4.3,37.4,3.8,1.7,14.3
Norfolk,52,162,122,133,122,139,144,113,0,0,0,0,0,0,0,987,243,22.3,987,46.8,53.2,2.4,18.8,6.2,7276225.0,90726.0,80.2,16139749.0,15953.1,,,,,,,,,,,,,,,,,,,,
Norfolk County Agricultural,0,0,0,0,0,0,0,0,0,0,158,149,152,129,0,588,445,16.7,586,71.3,28.3,0.2,22.2,16.2,4637936.0,82673.0,56.1,12969506.87,23610.97,1.0,,,58.0,541.0,506.0,130.0,98.5,0.0,1.5,129.0,82.0,63.6,1.2,19.5,19.5,59.8,14.6,18.3,17.1
North Adams,77,75,93,94,94,99,92,79,91,125,88,77,64,72,3,1223,555,14.9,1300,49.2,50.8,0.9,25.5,67.5,8213202.0,67598.0,121.5,28939033.71,18510.32,148.0,82.4,17.6,4.0,,,92.0,81.5,0.0,9.8,76.0,34.0,44.7,0.0,41.2,11.8,47.1,8.8,35.3,0.0
North Andover,60,283,326,344,334,337,345,371,372,361,335,311,357,374,0,4510,3044,18.0,4559,48.6,51.4,2.3,17.9,18.9,26858406.0,83256.0,322.6,71668072.51,14995.83,455.0,20.0,80.0,500.0,576.0,567.0,379.0,97.1,0.3,0.8,380.0,297.0,78.2,0.3,46.8,11.8,41.1,10.8,4.4,15.5
North Attleborough,141,258,264,276,274,311,330,283,325,385,286,261,267,275,0,3936,2158,15.6,3991,48.6,51.3,3.7,18.5,20.6,24304325.0,83320.0,291.7,60907031.38,13845.34,532.0,34.0,66.0,232.0,588.0,585.0,270.0,94.1,0.0,2.6,258.0,197.0,76.4,0.0,34.0,16.8,49.2,14.7,9.1,14.2
North Brookfield,23,39,39,30,39,44,33,40,43,40,49,23,33,28,0,503,230,11.2,516,48.5,51.6,0.8,22.9,39.2,3563556.0,86494.0,41.2,10012487.82,14536.13,16.0,62.5,37.5,12.0,579.0,563.0,31.0,80.6,3.2,9.7,25.0,10.0,40.0,0.0,40.0,40.0,20.0,40.0,10.0,0.0
North Middlesex,36,225,206,212,216,216,228,225,252,284,187,178,210,211,7,2893,1579,18.6,2941,48.8,51.2,1.5,23.7,22.7,18889999.0,77865.0,242.6,53126771.07,16163.18,279.0,48.4,51.6,197.0,568.0,548.0,220.0,90.9,0.0,4.1,204.0,153.0,75.0,0.0,36.6,14.4,49.0,13.1,15.0,19.0
North Reading,40,175,200,146,173,173,191,174,190,185,130,181,164,186,1,2309,1297,17.3,2313,48.4,51.6,0.7,18.7,9.6,17743087.0,84051.0,211.1,42552332.31,17378.94,291.0,22.0,78.0,251.0,575.0,571.0,192.0,96.9,0.0,1.0,187.0,160.0,85.6,0.0,53.1,5.0,41.9,5.0,4.4,17.5
Northampton,46,143,174,190,187,197,158,204,206,213,191,236,210,223,1,2579,1207,16.8,2648,48.4,51.2,4.8,20.2,28.1,16543204.0,70607.0,234.3,48114609.44,15929.88,420.0,33.3,66.7,145.0,616.0,596.0,231.0,94.4,0.4,2.2,221.0,149.0,67.4,0.0,52.3,16.8,30.9,16.8,6.7,12.1
Northampton-Smith Vocational Agricultural,0,0,0,0,0,0,0,0,0,0,140,148,117,123,0,528,429,12.4,535,41.5,58.3,3.4,40.6,36.6,4038543.0,70852.0,57.0,11193851.88,22518.31,39.0,89.7,10.3,4.0,,,124.0,95.2,0.0,4.8,120.0,24.0,20.0,0.0,25.0,45.8,29.2,37.5,25.0,0.0
Northboro-Southboro,0,0,0,0,0,0,0,0,0,0,314,321,320,390,10,1355,802,14.6,1357,51.5,48.5,1.3,14.4,10.1,10613652.0,93677.0,113.3,26406478.19,18621.03,935.0,13.0,87.0,543.0,604.0,615.0,390.0,97.9,0.0,0.8,382.0,329.0,86.1,0.0,52.6,7.6,39.8,7.3,6.4,10.6
Northborough,0,146,168,158,166,180,192,174,160,183,0,0,0,0,0,1527,610,15.8,1531,47.2,52.8,5.9,21.2,15.9,13441155.0,97400.0,138.0,32164876.51,19241.97,,,,,,,,,,,1.0,,,,,,,,,
Northbridge,57,145,151,114,127,148,150,172,191,144,134,132,145,114,0,1924,804,17.8,1971,48.7,51.3,2.6,18.1,34.3,12543486.0,76766.0,163.4,34326867.85,15364.96,190.0,53.2,46.8,53.0,561.0,542.0,130.0,84.6,1.5,10.0,113.0,64.0,56.6,0.0,32.8,12.5,54.7,12.5,21.9,7.8
Northeast Metropolitan Regional Vocational Technical,0,0,0,0,0,0,0,0,0,0,332,322,326,301,0,1281,1502,11.5,1292,44.9,55.0,5.0,18.9,42.9,10805252.0,92908.0,116.3,29244049.33,23139.78,111.0,90.1,9.9,57.0,484.0,462.0,303.0,98.3,0.0,0.7,301.0,97.0,32.2,0.0,39.2,24.7,36.1,24.7,19.6,11.3
Northern Berkshire Regional Vocational Technical,0,0,0,0,0,0,0,0,0,0,128,142,122,114,0,506,441,11.1,501,40.7,59.3,0.0,14.6,38.3,4414776.0,87421.0,50.5,10575913.18,21504.5,20.0,90.0,10.0,21.0,528.0,480.0,115.0,93.0,0.0,4.3,109.0,33.0,30.3,0.0,30.3,18.2,51.5,18.2,36.4,6.1
Norton,69,175,160,149,178,174,172,189,206,202,163,180,162,175,4,2358,1341,15.9,2403,50.4,49.6,2.1,21.6,23.8,15880113.0,85931.0,184.8,41612567.31,16018.39,354.0,44.4,55.6,103.0,577.0,549.0,189.0,95.2,0.0,3.2,181.0,133.0,73.5,0.0,39.1,11.3,48.1,10.5,16.5,15.8
Norwell,33,156,180,155,170,163,175,164,162,180,156,155,166,166,1,2182,952,14.9,2223,48.0,52.0,0.3,15.7,5.0,14816124.0,92140.0,160.8,37977083.83,16830.83,458.0,30.6,69.4,239.0,601.0,581.0,168.0,98.2,0.0,0.6,165.0,135.0,81.8,0.0,57.8,3.7,38.5,3.7,5.2,7.4
Norwood,83,267,270,269,267,277,263,258,215,245,224,261,252,231,5,3387,2751,8.6,3425,49.8,50.1,12.7,22.4,31.6,25521233.0,85184.0,299.6,66487986.55,18123.53,262.0,38.5,61.5,199.0,556.0,562.0,250.0,95.2,0.0,1.6,246.0,151.0,61.4,0.0,51.0,13.9,35.1,13.9,9.3,11.9
Oak Bluffs,7,46,36,44,27,50,52,50,50,52,0,0,0,0,0,414,198,16.7,448,47.3,52.7,17.0,23.7,33.0,4346288.0,92671.0,46.9,11779421.11,24020.03,,,,,,,,,,,,,,,,,,,,
Old Colony Regional Vocational Technical,0,0,0,0,0,0,0,0,0,0,150,151,132,130,0,563,248,16.6,553,36.9,62.9,0.0,22.4,19.5,4800838.0,80014.0,60.0,12357617.34,22237.93,75.0,68.0,32.0,10.0,564.0,543.0,130.0,99.2,0.0,0.8,130.0,56.0,43.1,0.0,21.4,41.1,37.5,41.1,8.9,25.0
Old Rochester,0,0,0,0,0,0,0,0,203,211,152,168,200,190,6,1130,1240,8.8,1136,46.3,53.7,0.1,12.9,15.7,7839175.0,86525.0,90.6,20381586.14,17110.13,422.0,31.5,68.5,99.0,593.0,583.0,192.0,94.8,0.0,3.1,186.0,152.0,81.7,0.0,40.1,11.2,48.7,10.5,11.8,19.1
Old Sturbridge Academy Charter Public School (District),0,40,40,40,40,40,40,40,0,0,0,0,0,0,0,280,7,40.0,280,48.9,51.1,3.2,22.1,34.6,1239022.0,61951.0,20.0,3384896.81,14118.44,,,,,,,,,,,,,,,,,,,,
Orange,11,54,65,71,62,71,70,61,0,0,0,0,0,0,0,465,153,15.4,472,48.1,51.9,1.3,29.0,64.8,2942448.0,73931.0,39.8,9432320.5,14768.0,,,,,,,,,,,,,,,,,,,,
Orleans,0,17,24,29,32,36,37,0,0,0,0,0,0,0,0,175,190,10.9,174,58.1,42.0,6.9,21.8,32.2,2173179.0,90549.0,24.0,5746653.56,27081.31,,,,,,,,,,,,,,,,,,,,
Oxford,38,64,100,116,99,141,126,117,115,140,110,94,91,96,11,1458,622,16.5,1488,49.6,50.1,0.7,18.3,38.0,8657526.0,74441.0,116.3,25581372.62,14784.36,122.0,59.8,40.2,78.0,521.0,506.0,101.0,86.1,0.0,7.9,89.0,53.0,59.6,0.0,39.6,9.4,50.9,9.4,24.5,17.0
Palmer,20,88,83,97,106,111,83,88,110,121,62,73,60,81,5,1188,985,14.7,1208,48.8,51.1,4.4,19.1,51.8,8072413.0,72724.0,111.0,23715956.38,16522.19,58.0,55.2,44.8,9.0,,,83.0,92.8,0.0,2.4,79.0,51.0,64.6,0.0,41.2,25.5,33.3,23.5,15.7,11.8
Pathfinder Regional Vocational Technical,0,0,0,0,0,0,0,0,0,0,156,161,150,143,0,610,548,11.3,602,37.4,62.0,0.2,27.4,37.7,5304109.0,77432.0,68.5,15238965.95,24005.93,104.0,89.4,10.6,3.0,,,147.0,89.1,0.0,4.1,136.0,43.0,31.6,0.0,27.9,44.2,27.9,44.2,14.0,9.3
Paulo Freire Social Justice Charter School (District),0,0,0,0,0,0,0,0,0,0,69,67,63,64,0,263,184,15.1,250,58.4,41.6,6.0,23.6,82.4,1324192.0,60801.0,21.8,5063534.52,18108.63,15.0,100.0,0.0,4.0,,,69.0,76.8,0.0,4.3,58.0,22.0,37.9,0.0,36.4,54.5,9.1,54.5,0.0,4.5
Peabody,153,409,469,470,428,459,445,476,500,467,386,381,359,372,2,5776,2964,16.4,5813,49.6,50.4,9.1,20.2,38.7,39624748.0,92538.0,428.2,97155413.72,15614.32,308.0,43.5,56.5,169.0,537.0,530.0,375.0,84.8,0.0,6.9,329.0,191.0,58.1,0.5,33.5,20.4,45.5,19.4,21.5,13.6
Pelham,0,16,10,17,14,20,16,14,0,0,0,0,0,0,0,107,43,13.9,102,39.2,59.8,2.0,21.6,12.8,781357.0,64046.0,12.2,2373551.0,18456.85,,,,,,,,,,,,,,,,,,,,
Pembroke,49,166,161,188,190,179,209,218,201,230,194,204,199,208,3,2599,1195,16.9,2620,47.7,52.3,1.8,17.4,15.5,15547592.0,83589.0,186.0,45498191.32,15671.74,388.0,39.2,60.8,157.0,573.0,561.0,208.0,94.2,0.0,0.5,200.0,147.0,73.5,0.0,36.1,11.6,52.4,10.9,14.3,19.7
Pentucket,81,134,161,161,163,156,168,179,145,203,143,161,178,191,0,2224,1226,16.3,2191,47.1,52.9,0.4,22.4,13.1,14664542.0,80930.0,181.2,40937199.0,16305.09,332.0,36.7,63.3,198.0,581.0,572.0,197.0,95.9,0.0,2.5,192.0,146.0,76.0,0.0,47.3,20.5,32.2,19.2,6.2,7.5
Petersham,0,15,19,24,10,19,16,20,0,0,0,0,0,0,0,123,49,15.9,121,51.2,48.8,1.7,21.5,35.5,642495.0,49423.0,13.0,1863805.0,13097.72,,,,,,,,,,,,,,,,,,,,
Phoenix Academy Public Charter High School Lawrence (District),0,0,0,0,0,0,0,0,0,0,120,4,35,0,0,159,46,6.5,156,39.7,60.3,27.6,24.4,80.8,665424.0,66542.0,10.0,2675877.2,17837.99,,,,,,,50.0,6.0,0.0,34.0,8.0,,,,,,,,,
Phoenix Academy Public Charter High School Springfield (District),0,0,0,0,0,0,0,0,0,0,149,1,49,9,0,208,12,61.9,201,47.8,52.2,18.4,25.9,81.6,859423.0,113082.0,7.6,3005853.0,16400.33,,,,,,,83.0,3.6,0.0,59.0,11.0,,,,,,,,,
Phoenix Charter Academy (District),0,0,0,0,0,0,0,0,0,0,162,2,43,14,0,221,30,37.1,216,49.5,50.5,63.0,11.6,55.1,777736.0,62229.0,12.5,4849663.0,24338.37,,,,,,,72.0,8.3,0.0,51.4,8.0,,,,,,,,,
Pioneer Charter School of Science (District),0,63,59,63,63,66,65,67,64,59,60,57,55,53,0,794,344,19.2,801,52.2,47.8,17.7,9.1,45.1,4317577.0,59718.0,72.3,11421434.67,14455.5,149.0,58.4,41.6,13.0,580.0,608.0,51.0,98.0,0.0,0.0,52.0,29.0,55.8,0.0,41.4,13.8,44.8,13.8,6.9,34.5
Pioneer Charter School of Science II (PCSS-II) (District),0,0,0,0,0,0,0,0,64,67,62,61,63,53,0,370,155,18.4,360,53.6,46.1,17.2,14.2,33.9,1999623.0,56727.0,35.3,5377469.24,15043.98,166.0,45.2,54.8,26.0,548.0,612.0,51.0,98.0,0.0,0.0,50.0,38.0,76.0,0.0,39.5,18.4,42.1,18.4,2.6,36.8
Pioneer Valley,23,43,34,42,49,53,52,55,57,63,40,47,23,50,0,631,406,12.1,631,50.4,49.6,1.3,23.1,30.9,4107098.0,67774.0,60.6,15282748.06,19886.46,61.0,72.1,27.9,42.0,539.0,507.0,50.0,100.0,0.0,0.0,51.0,34.0,66.7,0.0,29.4,41.2,29.4,32.4,0.0,11.8
Pioneer Valley Chinese Immersion Charter (District),0,44,44,45,44,44,44,62,55,56,31,23,40,28,0,560,308,17.5,558,50.9,48.9,3.1,12.2,22.2,3882372.0,55744.0,69.7,9997607.31,18667.23,,,,57.0,624.0,606.0,29.0,96.6,0.0,3.4,28.0,24.0,85.7,0.0,58.3,12.5,29.2,12.5,4.2,16.7
Pioneer Valley Performing Arts Charter Public (District),0,0,0,0,0,0,0,0,72,72,68,62,58,59,0,391,298,13.9,403,66.8,32.8,0.0,22.6,31.8,2191940.0,53671.0,40.8,7189709.38,18113.29,7.0,,,14.0,621.0,556.0,60.0,93.3,3.3,1.7,57.0,35.0,61.4,0.0,51.4,31.4,17.1,28.6,2.9,8.6
Pittsfield,62,343,353,379,436,374,355,363,343,382,417,394,396,401,14,5012,2269,14.0,4967,48.8,51.2,5.4,22.0,58.6,32608948.0,67083.0,486.1,104711228.0,17152.28,490.0,59.0,41.0,143.0,533.0,516.0,432.0,88.0,0.7,8.3,393.0,205.0,52.2,1.0,30.7,42.9,25.4,40.0,7.8,7.3
Plainville,42,64,85,82,89,88,88,85,0,0,0,0,0,0,0,623,124,19.2,632,47.2,52.9,4.4,21.0,23.1,3675171.0,83149.0,44.2,13506649.37,17676.55,,,,,,,,,,,,,,,,,,,,
Plymouth,142,458,482,508,513,512,461,535,532,608,616,580,578,559,1,7085,5125,15.3,7102,47.4,52.6,3.0,20.3,28.2,49018424.0,77353.0,633.7,148491960.69,18375.67,994.0,39.5,60.5,691.0,528.0,521.0,587.0,95.4,0.0,2.4,569.0,338.0,59.4,0.0,36.4,18.9,44.1,18.9,15.4,11.2
Plympton,0,30,39,28,28,27,38,19,0,0,0,0,0,0,0,209,111,14.7,220,47.3,52.7,0.5,15.0,16.4,1555936.0,80618.0,19.3,4164910.54,18147.76,,,,,,,,,,,,,,,,,,,,
Prospect Hill Academy Charter (District),0,60,86,87,91,94,87,86,100,94,96,89,65,72,0,1107,445,18.3,1105,49.7,50.3,14.3,15.9,52.6,7656278.0,78679.0,97.3,23367134.0,21273.02,70.0,75.7,24.3,38.0,510.0,507.0,72.0,94.4,0.0,1.4,69.0,59.0,85.5,0.0,47.5,16.9,35.6,16.9,8.5,22.0
Provincetown,24,11,8,10,10,11,15,16,18,10,0,0,0,0,0,133,52,11.3,147,55.1,44.9,19.1,17.0,44.2,,,,6960403.66,40538.17,,,,,,,,,,,,,,,,,,,,
Quabbin,69,135,168,136,167,134,139,166,181,168,176,135,160,155,6,2095,1258,14.4,2116,49.2,50.6,0.5,19.6,31.3,11108224.0,78894.0,140.8,38532219.7,16679.17,164.0,55.5,44.5,50.0,569.0,577.0,166.0,86.1,0.0,5.4,145.0,99.0,68.3,0.0,38.4,14.1,47.5,13.1,23.2,6.1
Quaboag Regional,37,64,75,74,91,78,93,115,88,85,89,98,80,94,0,1161,597,14.7,1128,48.8,51.1,1.6,20.2,41.8,6964490.0,72698.0,95.8,20664142.4,15266.06,199.0,49.2,50.8,18.0,583.0,552.0,97.0,90.7,1.0,2.1,87.0,59.0,67.8,0.0,40.7,10.2,49.2,10.2,23.7,8.5
Quincy,299,677,743,747,718,689,676,688,708,680,688,703,737,714,13,9480,6287,12.7,9515,47.6,52.4,15.6,19.4,40.6,63659452.0,86353.0,737.2,171310179.55,17367.04,570.0,21.8,78.2,367.0,567.0,578.0,765.0,91.0,0.3,2.6,710.0,483.0,68.0,0.0,35.8,12.2,51.8,11.8,9.3,34.0
Ralph C Mahar,0,0,0,0,0,0,0,0,127,127,81,103,92,89,0,619,548,15.3,622,49.2,50.6,0.5,22.2,47.9,3923888.0,68123.0,57.6,14295401.35,19513.24,65.0,53.8,46.2,1.0,,,102.0,90.2,0.0,4.9,95.0,51.0,53.7,0.0,19.6,47.1,33.3,47.1,11.8,11.8
Randolph,66,149,235,221,256,213,204,222,241,211,133,165,166,168,10,2660,1078,13.6,2696,46.4,53.6,16.6,20.9,55.0,19056171.0,89718.0,212.4,65238134.91,19235.78,156.0,57.1,42.9,25.0,564.0,580.0,193.0,76.2,0.0,10.4,159.0,88.0,55.3,0.0,36.4,22.7,40.9,21.6,5.7,35.2
Reading,97,238,312,316,290,270,312,319,288,287,299,301,292,330,0,3951,1760,16.7,3980,47.5,52.4,1.3,18.5,9.3,26347309.0,83378.0,316.0,64001979.99,15249.82,326.0,26.1,73.9,470.0,581.0,588.0,332.0,96.7,0.0,0.6,332.0,269.0,81.0,0.0,56.1,5.9,37.9,5.6,4.1,10.4
Revere,95,471,561,557,555,565,560,516,608,619,563,540,463,484,9,7166,4140,15.6,7294,49.3,50.7,24.1,15.8,58.4,49933012.0,88991.0,561.1,130910956.47,16018.47,358.0,53.6,46.4,308.0,516.0,525.0,554.0,83.6,0.4,10.3,491.0,263.0,53.6,0.0,35.7,24.7,39.5,24.3,9.9,26.6
Richmond,12,16,14,12,18,14,17,14,17,18,0,0,0,0,0,152,113,14.7,151,50.3,49.7,0.0,19.2,29.1,1733716.0,89830.0,19.3,3868474.62,18342.7,,,,,,,,,,,,,,,,,,,,
Rising Tide Charter Public (District),0,0,0,0,0,0,91,91,90,87,85,75,80,67,0,666,303,20.0,668,49.6,50.0,1.2,21.4,16.6,3700080.0,62620.0,59.1,11069300.28,17101.25,25.0,52.0,48.0,84.0,572.0,550.0,66.0,98.5,0.0,1.5,67.0,48.0,71.6,0.0,43.8,10.4,45.8,10.4,16.7,14.6
River Valley Charter (District),0,30,34,32,33,32,32,32,32,31,0,0,0,0,0,288,146,11.7,286,52.8,47.2,0.0,16.8,8.0,1797456.0,72742.0,24.7,4848478.0,15797.72,,,,,,,,,,,,,,,,,,,,
Rochester,20,51,56,64,74,63,82,66,0,0,0,0,0,0,0,476,367,16.8,493,47.9,52.1,0.4,21.7,20.3,3589699.0,87341.0,41.1,7716539.0,14805.33,,,,,,,,,,,,,,,,,,,,
Rockland,38,132,164,172,156,182,184,195,193,193,144,145,140,136,5,2179,1446,14.4,2211,48.3,51.7,8.2,18.6,43.2,14218570.0,81156.0,175.2,40376643.1,16474.21,117.0,66.7,33.3,86.0,526.0,521.0,137.0,90.5,0.0,5.8,131.0,77.0,58.8,0.0,29.9,20.8,49.4,19.5,24.7,15.6
Rockport,8,41,38,49,53,52,64,67,68,67,72,60,57,66,0,762,459,14.7,770,47.7,52.3,0.7,22.9,22.7,7278295.0,81595.0,89.2,19138687.0,21451.12,147.0,61.2,38.8,29.0,603.0,589.0,69.0,92.8,0.0,4.3,65.0,51.0,78.5,0.0,33.3,11.8,54.9,11.8,9.8,13.7
Rowe,0,5,12,6,11,14,5,10,0,0,0,0,0,0,0,63,21,16.1,63,49.2,50.8,0.0,33.3,42.9,411865.0,49622.0,8.3,2415052.16,24394.47,,,,,,,,,,,,,,,,,,,,
Roxbury Preparatory Charter (District),0,0,0,0,0,0,148,282,264,254,238,171,139,100,0,1596,335,29.9,1589,47.1,52.9,14.1,15.7,70.3,8424296.0,70160.0,120.1,30033935.33,19542.66,892.0,91.4,8.6,29.0,416.0,435.0,104.0,88.5,0.0,5.8,99.0,66.0,66.7,0.0,31.8,9.1,59.1,9.1,10.6,48.5
Sabis International Charter (District),0,105,111,120,156,128,129,157,129,123,108,91,99,101,0,1557,446,27.0,1565,50.8,49.2,10.0,15.9,47.9,5660304.0,67769.0,83.5,21874016.11,13923.27,71.0,78.9,21.1,6.0,,,99.0,97.0,0.0,2.0,99.0,62.0,62.6,0.0,40.3,33.9,25.8,32.3,8.1,11.3
Salem,48,294,321,328,339,350,333,275,265,251,251,223,203,246,7,3734,2245,13.5,3772,48.6,51.4,14.1,20.9,56.4,30700081.0,94870.0,323.6,92800221.09,20199.87,132.0,43.9,56.1,61.0,531.0,511.0,288.0,78.5,0.3,12.5,249.0,106.0,42.6,0.0,32.1,27.4,40.6,27.4,24.5,11.3
Salem Academy Charter (District),0,0,0,0,0,0,0,72,73,72,74,75,70,59,0,495,250,19.0,491,51.1,48.5,3.3,19.6,40.9,3033550.0,69277.0,43.8,8732560.97,17743.7,241.0,62.7,37.3,89.0,519.0,497.0,59.0,98.3,0.0,0.0,61.0,48.0,78.7,0.0,22.9,10.4,66.7,10.4,45.8,14.6
Sandwich,63,140,151,185,174,167,192,179,212,222,150,166,165,156,4,2326,1367,15.6,2351,50.6,49.3,1.5,20.5,20.3,16567133.0,79231.0,209.1,53746813.0,19030.81,290.0,56.6,43.4,75.0,565.0,559.0,160.0,95.0,0.0,3.1,155.0,126.0,81.3,0.0,38.1,19.8,42.1,19.8,10.3,7.1
Saugus,28,65,161,172,195,178,195,200,217,206,172,160,176,167,5,2297,1099,17.0,2425,48.0,51.8,7.1,16.5,39.4,16703127.0,95830.0,174.3,49157200.41,16671.94,178.0,49.4,50.6,56.0,532.0,529.0,183.0,85.2,0.5,5.5,162.0,105.0,64.8,0.0,37.1,14.3,48.6,13.3,19.0,20.0
Savoy,4,4,3,4,9,6,5,9,0,0,0,0,0,0,0,44,61,5.7,45,42.2,57.8,0.0,22.2,44.4,358543.0,64026.0,5.6,1370674.84,16901.05,,,,,,,,,,,,,,,,,,,,
Scituate,51,182,211,226,217,200,206,213,203,221,211,196,260,252,2,2851,1470,18.2,2879,49.5,50.5,0.4,15.6,10.8,22018561.0,91325.0,241.1,50247283.48,16488.58,516.0,40.1,59.9,379.0,577.0,552.0,255.0,95.7,0.0,0.4,246.0,200.0,81.3,0.0,49.0,4.0,47.0,3.5,2.0,9.0
Seekonk,48,148,153,156,159,168,149,146,149,183,130,144,164,150,0,2047,863,15.7,2014,49.6,50.3,2.5,18.9,16.1,14204209.0,85671.0,165.8,36141024.13,17023.56,281.0,45.6,54.4,128.0,565.0,546.0,157.0,93.0,0.6,3.2,148.0,103.0,69.6,0.0,35.0,23.3,41.7,22.3,10.7,14.6
Sharon,31,192,239,258,245,254,272,292,291,288,277,281,301,272,0,3493,1529,19.0,3520,48.9,51.0,3.2,14.4,9.7,24638495.0,100647.0,244.8,65866489.25,17707.95,670.0,11.9,88.1,312.0,651.0,667.0,275.0,92.0,1.1,1.5,257.0,219.0,85.2,0.0,52.1,5.5,42.5,4.6,4.1,15.1
Shawsheen Valley Regional Vocational Technical,0,0,0,0,0,0,0,0,0,0,357,307,329,315,0,1308,717,16.3,1302,39.2,60.8,0.1,27.9,16.9,13151075.0,105546.0,124.6,30464244.82,23942.35,1.0,,,185.0,523.0,504.0,311.0,98.1,0.0,0.6,313.0,144.0,46.0,0.0,43.1,31.3,25.7,29.9,9.0,11.8
Sherborn,13,55,68,64,50,77,64,0,0,0,0,0,0,0,0,391,217,15.7,391,51.4,48.6,3.3,15.6,6.9,3162320.0,94398.0,33.5,9085872.0,21731.34,,,,,,,,,,,,,,,,,,,,
Shrewsbury,110,287,407,434,430,484,473,491,502,483,459,480,470,464,0,5974,2551,18.2,6046,50.0,50.0,2.9,14.1,14.5,35261106.0,87977.0,400.8,93479931.29,14377.55,852.0,16.4,83.6,504.0,609.0,630.0,468.0,97.2,0.0,1.3,458.0,372.0,81.2,0.0,43.0,10.5,46.5,8.6,11.3,16.9
Shutesbury,10,11,19,12,9,16,12,23,0,0,0,0,0,0,0,112,55,14.8,116,58.6,41.4,0.0,20.7,35.3,1010680.0,64787.0,15.6,3022915.67,21623.14,,,,,,,,,,,,,,,,,,,,
Silver Lake,99,0,0,0,0,0,0,0,264,259,257,279,267,266,7,1698,814,18.9,1729,47.3,52.5,1.2,18.5,19.0,12383216.0,92689.0,133.6,31631920.2,17373.49,389.0,29.6,70.4,202.0,587.0,589.0,268.0,96.6,0.4,2.6,260.0,195.0,75.0,0.0,45.1,11.3,43.6,11.3,11.3,14.9
Sizer School: A North Central Charter Essential (District),0,0,0,0,0,0,0,0,68,71,69,59,47,52,0,366,234,13.0,370,44.1,55.7,3.0,27.3,43.5,2184229.0,56491.0,38.7,6406786.21,17853.66,27.0,92.6,7.4,18.0,563.0,548.0,49.0,100.0,0.0,0.0,49.0,20.0,40.8,0.0,20.0,25.0,55.0,20.0,35.0,20.0
Somerset,35,131,143,158,172,193,160,179,223,212,0,0,0,0,0,1606,939,18.4,1623,48.0,51.9,1.1,18.2,27.5,10589848.0,85333.0,124.1,29136541.1,16081.54,,,,,,,,,,,,,,,,,,,,
Somerset Berkley Regional School District,0,0,0,0,0,0,0,0,0,0,257,247,249,247,7,1007,448,18.0,1007,50.7,49.3,0.1,14.9,17.8,5674650.0,73506.0,77.2,17251229.28,15930.58,461.0,33.0,67.0,195.0,569.0,568.0,239.0,96.7,0.0,1.7,231.0,180.0,77.9,0.0,30.0,26.7,43.3,26.1,10.6,19.4
Somerville,228,393,396,379,340,330,362,344,316,332,343,303,336,278,11,4691,2366,12.3,4624,47.4,52.3,18.5,19.9,46.2,41000926.0,96677.0,424.1,114885290.25,20971.74,458.0,54.1,45.9,90.0,580.0,575.0,297.0,86.9,0.0,6.1,272.0,146.0,53.7,0.0,35.6,21.9,42.5,21.2,6.2,29.5
South Hadley,63,81,111,148,127,143,124,125,123,147,140,141,135,146,9,1763,697,17.4,1788,50.6,49.3,4.5,19.0,30.9,10740495.0,75637.0,142.0,32531049.1,15080.22,200.0,42.0,58.0,86.0,554.0,550.0,146.0,96.6,0.0,1.4,148.0,103.0,69.6,0.0,39.8,35.0,25.2,35.0,11.7,6.8
South Middlesex Regional Vocational Technical,0,0,0,0,0,0,0,0,0,0,226,204,212,175,0,817,761,12.6,815,41.7,57.6,17.9,39.5,50.2,7376295.0,88764.0,83.1,20224304.85,25474.63,76.0,61.8,38.2,14.0,586.0,587.0,186.0,91.4,0.0,5.4,171.0,55.0,32.2,0.0,34.5,32.7,32.7,30.9,25.5,7.3
South Shore Charter Public (District),0,44,76,79,80,79,79,82,84,82,86,91,71,76,0,1009,534,15.3,1013,49.0,50.6,11.8,20.0,27.6,7708339.0,77435.0,99.6,16898907.51,16854.08,118.0,61.0,39.0,123.0,517.0,489.0,78.0,92.3,0.0,1.3,74.0,56.0,75.7,0.0,39.3,14.3,46.4,14.3,16.1,28.6
South Shore Regional Vocational Technical,0,0,0,0,0,0,0,0,0,0,168,162,161,155,0,646,247,15.0,637,32.7,67.4,0.8,26.2,24.2,5334143.0,88607.0,60.2,13588068.61,21388.43,3.0,,,17.0,528.0,522.0,157.0,94.9,0.0,4.5,152.0,47.0,30.9,2.1,34.0,27.7,36.2,27.7,21.3,10.6
Southampton,26,62,59,61,55,76,56,53,0,0,0,0,0,0,0,448,173,15.1,460,45.9,54.1,1.7,26.5,17.6,3027961.0,78853.0,38.4,7387668.12,13180.5,,,,,,,,,,,,,,,,,,,,
Southborough,84,104,142,120,133,123,129,127,124,130,0,0,0,0,0,1216,501,14.9,1243,48.0,52.0,7.1,16.9,7.5,10642165.0,99181.0,107.3,26812214.85,20682.05,,,,,,,,,,,1.0,,,,,,,,,
Southbridge,53,142,158,136,161,153,131,139,155,142,182,117,111,86,0,1866,895,15.7,1886,48.2,51.8,19.8,21.6,77.7,11716272.0,74721.0,156.8,40838915.82,18028.04,75.0,84.0,16.0,6.0,,,116.0,55.2,0.0,30.2,69.0,20.0,29.0,0.0,30.0,25.0,45.0,25.0,30.0,10.0
Southeastern Regional Vocational Technical,0,0,0,0,0,0,0,0,0,0,410,399,357,361,0,1527,1408,8.2,1527,52.3,47.6,3.6,13.8,38.8,11678054.0,89214.0,130.9,32524911.0,21589.72,88.0,70.5,29.5,22.0,515.0,491.0,361.0,98.9,0.0,0.6,361.0,164.0,45.4,0.0,32.9,28.7,37.2,28.7,13.4,16.5
Southern Berkshire,38,63,47,44,34,50,44,43,35,57,35,54,50,51,0,645,470,12.1,655,49.9,50.1,2.9,13.9,37.4,5425657.0,73618.0,73.7,18022413.98,22695.4,37.0,37.8,62.2,29.0,568.0,525.0,51.0,92.2,0.0,5.9,47.0,28.0,59.6,0.0,35.7,21.4,42.9,21.4,14.3,10.7
Southern Worcester County Regional Vocational Technical,0,0,0,0,0,0,0,0,0,0,314,293,291,273,0,1171,993,13.5,1168,41.9,58.1,0.9,13.4,27.3,9480713.0,86032.0,110.2,21956488.39,18772.65,170.0,66.5,33.5,86.0,537.0,527.0,268.0,98.1,0.4,0.7,270.0,104.0,38.5,0.0,32.7,22.1,45.2,19.2,29.8,10.6
Southwick-Tolland-Granville Regional School District,28,80,85,102,88,100,112,125,122,124,104,101,121,101,0,1393,774,14.4,1403,49.8,50.2,3.4,17.7,26.8,8781874.0,70424.0,124.7,25448926.85,15953.44,91.0,50.5,49.5,40.0,542.0,540.0,104.0,93.3,1.0,4.8,97.0,59.0,60.8,0.0,39.0,16.9,44.1,16.9,13.6,15.3
Spencer-E Brookfield,47,85,118,95,117,128,88,107,128,120,92,79,64,60,3,1331,469,15.5,1353,46.3,53.7,4.0,21.2,44.4,7578909.0,72595.0,104.4,27842532.58,16747.39,48.0,41.7,58.3,8.0,,,63.0,87.3,1.6,7.9,58.0,26.0,44.8,0.0,19.2,34.6,46.2,34.6,26.9,15.4
Springfield,1219,1589,1895,1877,1805,1847,1721,1630,1742,1708,2049,1848,1608,1559,142,24239,21372,11.5,24098,48.2,51.8,16.4,24.5,82.2,155184202.0,74014.0,2096.7,512527010.24,16932.13,975.0,78.8,21.2,579.0,471.0,467.0,1705.0,84.0,0.2,8.5,1526.0,501.0,32.8,0.0,30.9,46.7,22.2,44.7,12.0,6.8
Springfield Preparatory Charter School (District),0,54,54,54,56,54,53,53,0,0,0,0,0,0,0,378,87,32.5,374,48.4,51.6,16.0,20.3,70.9,1964820.0,64569.0,30.4,5380429.8,16578.12,,,,,,,,,,,,,,,,,,,,
Stoneham,60,172,173,174,176,181,176,163,197,172,148,145,139,178,0,2254,1483,13.4,2288,49.1,50.8,3.7,20.3,20.0,15970355.0,77040.0,207.3,45608576.04,17865.4,213.0,33.3,66.7,83.0,549.0,554.0,189.0,91.5,0.5,4.2,174.0,140.0,80.5,0.0,47.1,7.1,45.7,6.4,15.7,15.0
Stoughton,80,227,251,233,243,242,267,250,268,290,290,242,232,264,7,3386,1941,16.0,3436,48.0,52.0,7.7,16.9,39.1,26550116.0,88471.0,300.1,62972188.99,17091.11,242.0,58.3,41.7,76.0,554.0,555.0,270.0,90.4,0.4,5.6,250.0,172.0,68.8,0.6,40.7,14.5,44.2,13.4,11.0,20.9
Sturbridge,40,91,106,97,110,123,115,110,0,0,0,0,0,0,0,792,295,17.7,809,45.7,54.3,3.7,16.7,18.5,5849179.0,81014.0,72.2,15652224.0,16751.1,,,,,,,,,,,,,,,,,,,,
Sturgis Charter Public (District),0,0,0,0,0,0,0,0,0,0,211,231,216,195,0,853,453,14.1,853,57.7,42.2,1.4,15.8,15.4,6830263.0,75315.0,90.7,13398752.0,15920.38,,,,98.0,587.0,572.0,197.0,98.0,0.0,1.5,195.0,167.0,85.6,0.0,50.3,11.4,38.3,10.8,8.4,15.6
Sudbury,39,199,284,258,263,277,291,278,293,339,0,0,0,0,0,2521,1918,15.2,2547,48.1,51.8,2.2,20.6,7.0,20269181.0,100892.0,200.9,48654119.0,17800.5,,,,,,,,,,,,,,,,,,,,
Sunderland,12,17,24,26,28,29,35,13,0,0,0,0,0,0,0,184,153,13.3,190,47.4,52.1,7.4,21.1,41.1,1484090.0,64246.0,23.1,3878300.38,16268.04,,,,,,,,,,,,,,,,,,,,
Sutton,36,82,82,105,97,78,109,103,102,118,90,91,98,88,0,1279,463,17.4,1258,49.1,50.8,2.1,17.3,15.7,8232189.0,88901.0,92.6,22336057.89,15818.74,208.0,45.2,54.8,97.0,562.0,546.0,84.0,96.4,0.0,2.4,86.0,68.0,79.1,0.0,50.0,7.4,42.6,7.4,14.7,11.8
Swampscott,40,131,157,147,150,146,152,153,172,184,161,156,191,191,1,2132,1208,16.8,2134,48.9,51.1,5.3,18.9,18.4,15373643.0,82788.0,185.7,40073070.22,17320.66,439.0,31.2,68.8,128.0,606.0,596.0,190.0,92.6,0.0,2.1,179.0,140.0,78.2,0.0,40.7,10.0,49.3,9.3,12.1,12.9
Swansea,38,132,148,142,161,161,144,176,175,189,167,118,126,135,4,2016,1786,8.9,2013,48.8,51.2,0.4,11.8,23.3,12147516.0,75077.0,161.8,30394967.48,14049.63,199.0,49.2,50.8,101.0,564.0,547.0,134.0,98.5,0.0,0.7,133.0,79.0,59.4,0.0,25.3,29.1,45.6,27.8,19.0,16.5
Tantasqua,0,0,0,0,0,0,0,0,299,286,310,304,285,286,1,1771,1186,14.8,1776,48.5,51.4,0.7,11.2,23.1,11303192.0,86087.0,131.3,27098831.0,14722.82,327.0,36.7,63.3,142.0,575.0,596.0,291.0,96.2,0.3,1.7,285.0,179.0,62.8,0.0,36.3,26.3,37.4,25.7,10.1,13.4
Taunton,170,518,569,570,596,597,612,644,659,675,565,509,515,529,7,7735,3299,19.4,7861,49.0,51.1,6.1,20.1,52.3,46842415.0,88182.0,531.2,125182043.16,14791.34,430.0,60.5,39.5,211.0,538.0,514.0,560.0,90.2,0.4,4.3,520.0,277.0,53.3,0.0,32.9,27.8,39.0,26.4,17.3,14.4
TEC Connections Academy Commonwealth Virtual School District,0,51,58,80,82,96,120,187,241,271,361,357,311,299,0,2514,592,45.8,2661,56.4,43.6,1.2,18.8,44.9,,,,23183466.91,10290.32,73.0,37.0,63.0,39.0,585.0,555.0,503.0,47.9,4.8,35.0,292.0,121.0,41.4,0.0,28.9,43.0,28.1,42.1,6.6,9.1
Tewksbury,111,260,243,246,235,275,229,246,261,250,191,191,228,209,7,3182,1487,17.9,3221,50.1,49.8,2.3,17.8,18.2,21857938.0,86532.0,252.6,65360674.93,18519.97,381.0,37.3,62.7,196.0,552.0,545.0,228.0,93.9,0.0,1.8,217.0,168.0,77.4,0.0,38.1,9.5,52.4,9.5,10.7,23.2
Tisbury,15,35,31,22,35,28,30,24,38,31,0,0,0,0,0,289,205,13.8,292,47.6,52.4,26.0,18.2,43.8,3936700.0,98912.0,39.8,10936232.55,28383.68,,,,,,,,,,,,,,,,,,,,
Topsfield,36,67,75,72,84,86,79,87,0,0,0,0,0,0,0,586,204,15.1,585,50.3,49.7,0.3,19.5,4.8,5084973.0,91292.0,55.7,11354792.0,17259.15,,,,,,,,,,,,,,,,,,,,
Tri-County Regional Vocational Technical,0,0,0,0,0,0,0,0,0,0,260,231,239,223,0,953,569,16.6,946,38.4,61.2,0.2,31.0,20.8,8289758.0,93988.0,88.2,20668528.0,20797.47,83.0,63.9,36.1,38.0,538.0,520.0,220.0,98.2,0.5,0.5,221.0,97.0,43.9,0.0,39.2,19.6,41.2,15.5,18.6,11.3
Triton,86,125,155,153,158,162,166,166,170,189,154,190,153,149,0,2176,1124,16.9,2198,48.7,51.3,1.2,17.7,26.2,16446092.0,84556.0,194.5,47673321.0,18636.22,129.0,31.0,69.0,63.0,595.0,585.0,163.0,89.0,0.0,4.3,147.0,102.0,69.4,0.0,43.1,15.7,41.2,14.7,7.8,12.7
Truro,21,14,13,16,16,15,18,0,0,0,0,0,0,0,0,113,61,15.4,113,48.7,51.3,0.0,17.7,38.1,1354326.0,95375.0,14.2,7480146.45,30973.69,,,,,,,,,,,,,,,,,,,,
Tyngsborough,22,98,110,124,113,146,110,119,149,125,96,108,126,115,0,1561,966,17.6,1604,49.4,50.6,5.2,19.4,20.1,10849615.0,87356.0,124.2,28130735.0,15894.87,131.0,32.1,67.9,155.0,557.0,573.0,117.0,94.9,0.0,1.7,112.0,89.0,79.5,0.0,34.8,15.7,49.4,14.6,12.4,16.9
UP Academy Charter School of Boston (District),0,0,0,0,0,0,0,104,118,127,0,0,0,0,0,349,138,22.1,364,47.3,52.8,24.5,27.8,80.0,2744897.0,89097.0,30.8,8039351.63,19698.33,,,,,,,,,,,,,,,,,,,,
UP Academy Charter School of Dorchester (District),54,65,70,67,75,75,77,69,68,65,0,0,0,0,0,685,138,31.9,722,50.4,49.6,33.1,15.4,75.8,4332467.0,110522.0,39.2,11285618.82,16172.77,,,,,,,,,,,,,,,,,,,,
Up-Island Regional,8,43,38,50,41,40,44,46,51,37,0,0,0,0,0,398,147,14.1,413,46.5,53.3,4.6,18.9,24.0,4670694.0,93414.0,50.0,12951737.34,27680.57,,,,,,,,,,,,,,,,,,,,
Upper Cape Cod Regional Vocational Technical,0,0,0,0,0,0,0,0,0,0,204,163,181,174,0,722,346,14.1,708,38.7,61.3,0.0,25.6,33.6,6101750.0,77532.0,78.7,18121426.0,24574.76,24.0,66.7,33.3,17.0,492.0,462.0,172.0,100.0,0.0,0.0,172.0,68.0,39.5,0.0,26.5,25.0,48.5,25.0,20.6,23.5
Uxbridge,46,107,117,108,128,110,124,140,118,143,132,125,106,128,7,1639,859,16.0,1598,45.5,54.5,1.8,17.9,24.2,10650705.0,78836.0,135.1,31910416.02,16408.91,180.0,68.9,31.1,113.0,541.0,519.0,145.0,80.0,2.1,6.2,133.0,97.0,72.9,0.0,36.1,26.8,37.1,24.7,15.5,8.2
Veritas Preparatory Charter School (District),0,0,0,0,0,0,111,111,121,76,0,0,0,0,0,419,75,27.0,405,53.6,46.4,4.7,23.2,79.8,2521196.0,78787.0,32.0,7759781.75,20958.22,,,,,,,,,,,,,,,,,,,,
Wachusett,93,426,426,473,433,517,537,538,551,587,494,504,488,501,16,6584,3032,18.0,6656,49.5,50.5,1.9,14.8,13.8,38556190.0,85000.0,453.6,100717414.06,13857.27,651.0,21.5,78.5,514.0,582.0,581.0,520.0,94.4,0.2,1.9,492.0,406.0,82.5,0.0,39.4,12.6,48.0,12.1,18.2,11.8
Wakefield,68,269,247,245,263,266,259,268,264,267,190,212,244,247,0,3309,1476,16.1,3331,49.0,51.0,2.5,16.9,14.6,22785638.0,85789.0,265.6,61148483.21,16887.65,458.0,41.7,58.3,248.0,565.0,561.0,256.0,96.1,0.0,1.6,246.0,212.0,86.2,0.0,41.5,10.4,48.1,10.4,13.2,20.3
Wales,12,16,18,12,12,14,24,16,0,0,0,0,0,0,0,124,41,16.2,129,45.0,55.0,0.8,18.6,44.2,800219.0,84234.0,9.5,2803812.04,17318.17,,,,,,,,,,,,,,,,,,,,
Walpole,62,309,279,283,281,273,270,272,279,269,255,259,290,270,4,3655,1502,15.3,3659,50.0,49.9,3.8,14.4,13.2,23997894.0,84948.0,282.5,63848812.5,16648.97,405.0,12.6,87.4,291.0,587.0,569.0,283.0,93.6,0.4,2.1,269.0,205.0,76.2,0.5,47.8,7.3,43.9,6.8,9.8,13.2
Waltham,109,410,423,438,436,441,426,393,407,404,415,428,389,387,1,5507,3761,13.5,5549,47.8,52.1,22.5,16.7,42.3,47079599.0,93006.0,506.2,128636738.59,21570.68,530.0,50.0,50.0,204.0,564.0,555.0,440.0,81.8,0.7,10.9,373.0,199.0,53.4,0.0,41.2,15.1,43.7,14.6,11.6,23.1
Ware,37,68,82,85,71,76,97,101,102,114,105,69,66,64,3,1140,409,18.9,1168,49.1,50.9,1.7,20.8,58.8,6458928.0,72900.0,88.6,20131509.47,14803.67,46.0,41.3,58.7,27.0,512.0,534.0,72.0,73.6,0.0,11.1,57.0,33.0,57.9,0.0,36.4,15.2,48.5,15.2,21.2,12.1
Wareham,48,163,184,141,167,134,166,180,187,164,138,111,110,89,6,1988,1319,13.5,2052,50.9,49.0,1.4,26.2,59.2,14744655.0,85725.0,172.0,46449536.88,18746.28,132.0,76.5,23.5,9.0,,,105.0,61.9,0.0,18.1,71.0,34.0,47.9,0.0,41.2,17.6,41.2,14.7,26.5,11.8
Watertown,77,189,201,211,213,194,174,178,184,210,177,164,159,189,6,2526,1827,12.5,2552,47.9,52.1,14.4,20.0,32.6,22758594.0,87668.0,259.6,64800685.0,22879.98,150.0,20.7,79.3,144.0,559.0,568.0,194.0,87.6,1.0,6.7,182.0,136.0,74.7,0.0,43.4,12.5,44.1,12.5,11.0,24.3
Wayland,0,202,201,183,233,212,191,199,203,240,213,196,196,231,0,2700,1372,16.3,2718,50.4,49.6,3.5,18.6,7.3,24141190.0,105651.0,228.5,54371473.22,19497.07,434.0,7.6,92.4,214.0,645.0,657.0,232.0,98.3,0.0,0.4,230.0,188.0,81.7,0.0,57.4,4.3,38.3,3.7,2.1,13.3
Webster,43,91,147,144,140,156,148,149,129,145,87,98,111,89,5,1682,823,17.2,1679,47.6,52.4,12.0,22.6,64.0,10343136.0,77826.0,132.9,32970936.0,16162.22,113.0,71.7,28.3,23.0,523.0,509.0,116.0,63.8,2.6,15.5,81.0,30.0,37.0,0.0,50.0,23.3,26.7,23.3,16.7,3.3
Wellesley,64,220,280,316,338,332,322,337,382,372,364,367,340,392,6,4432,2523,14.8,4442,50.5,49.4,1.9,17.0,7.1,42357181.0,100778.0,420.3,106148791.29,21516.36,837.0,17.7,82.3,337.0,657.0,670.0,391.0,96.7,0.0,0.3,388.0,320.0,82.5,0.0,63.4,2.8,33.8,2.5,1.9,7.5
Wellfleet,0,14,16,23,15,20,15,0,0,0,0,0,0,0,0,103,88,11.7,99,46.5,53.5,1.0,15.2,29.3,1131585.0,74446.0,15.2,3722964.0,28837.83,,,,,,,,,,,,,,,,,,,,
West Boylston,26,40,68,60,66,64,62,66,77,72,62,68,87,70,0,888,617,13.9,895,51.1,48.9,3.4,18.0,24.9,6872489.0,79267.0,86.7,17384260.99,17515.63,96.0,40.6,59.4,43.0,570.0,536.0,69.0,94.2,0.0,1.4,67.0,50.0,74.6,0.0,34.0,16.0,50.0,12.0,26.0,6.0
West Bridgewater,44,113,91,112,85,104,99,90,115,112,98,103,105,103,0,1374,870,18.7,1414,49.7,50.4,2.0,10.7,20.8,7918772.0,81135.0,97.6,18885491.62,13388.27,177.0,57.1,42.9,111.0,543.0,542.0,107.0,96.3,0.0,0.9,103.0,78.0,75.7,0.0,33.3,7.7,57.7,7.7,24.4,16.7
West Springfield,82,260,278,296,274,307,299,298,312,302,315,291,294,288,17,3913,2374,10.7,3917,48.6,51.4,10.2,18.3,50.7,24365256.0,75225.0,323.9,64979460.0,15190.63,442.0,48.6,51.4,62.0,568.0,547.0,310.0,89.7,0.3,5.5,283.0,154.0,54.4,0.0,39.6,36.4,24.0,35.7,11.7,9.1
Westborough,83,239,264,274,284,297,287,295,289,331,298,268,290,318,8,3825,1998,15.8,3845,49.6,50.4,11.5,15.3,12.6,27186397.0,80888.0,336.1,68011973.44,16935.67,543.0,14.5,85.5,343.0,625.0,639.0,319.0,97.2,0.0,0.9,315.0,255.0,81.0,0.0,51.0,5.9,43.1,5.5,8.6,16.1
Westfield,118,291,335,364,318,359,364,329,384,387,409,409,428,419,17,4931,2697,16.0,4927,48.5,51.5,5.4,21.8,42.6,31064387.0,75107.0,413.6,87041424.11,15685.12,217.0,58.1,41.9,87.0,559.0,554.0,434.0,93.3,0.2,3.0,414.0,221.0,53.4,0.0,29.0,36.7,34.4,35.7,17.2,6.8
Westford,45,271,277,307,345,307,383,387,367,380,384,424,390,444,3,4714,3064,12.6,4759,49.9,50.0,2.2,16.1,7.7,32274546.0,93549.0,345.0,79198752.4,15743.4,817.0,7.5,92.5,403.0,632.0,654.0,450.0,97.1,0.0,0.7,444.0,380.0,85.6,0.0,43.4,10.8,45.8,10.3,2.4,13.2
Westhampton,7,8,12,11,9,19,17,21,0,0,0,0,0,0,0,104,65,12.7,110,41.8,58.2,0.0,27.3,26.4,910673.0,58753.0,15.5,2707093.9,18415.6,,,,,,,,,,,,,,,,,,,,
Weston,27,116,128,137,118,137,149,142,147,175,157,148,161,164,0,1906,1040,14.2,1905,49.1,50.8,3.6,17.1,6.6,19906740.0,110901.0,179.5,56057798.98,27039.26,548.0,25.2,74.8,156.0,638.0,657.0,167.0,98.2,0.0,0.0,166.0,149.0,89.8,0.0,71.8,1.3,26.8,0.7,0.0,6.7
Westport,39,99,100,107,97,108,123,132,106,124,92,71,73,82,2,1355,846,15.2,1379,47.0,52.9,1.2,19.4,29.2,9584069.0,81636.0,117.4,25244752.0,16013.16,113.0,60.2,39.8,29.0,521.0,490.0,92.0,87.0,0.0,7.6,81.0,54.0,66.7,0.0,25.9,35.2,38.9,35.2,13.0,24.1
Westwood,41,203,167,219,219,204,223,249,211,223,243,248,253,246,3,2952,1799,13.0,2970,48.5,51.5,0.9,19.4,6.4,24115421.0,99445.0,242.5,60375039.04,19858.9,753.0,17.4,82.6,339.0,607.0,631.0,246.0,98.0,0.0,0.0,241.0,205.0,85.1,0.0,63.4,2.4,34.1,2.0,1.5,10.7
Weymouth,120,374,382,377,396,401,408,424,456,434,494,428,437,437,17,5585,2754,17.4,5698,49.6,50.4,5.9,20.7,35.7,40726588.0,95490.0,426.5,105318636.0,17089.69,574.0,39.2,60.8,110.0,548.0,538.0,460.0,88.9,0.2,3.5,427.0,257.0,60.2,0.0,32.3,17.9,49.8,17.5,14.4,22.6
Whately,11,17,18,16,13,15,11,15,0,0,0,0,0,0,0,116,87,14.3,116,50.9,49.1,2.6,12.1,19.8,827853.0,65703.0,12.6,2674799.58,19467.25,,,,,,,,,,,,,,,,,,,,
Whitman-Hanson,80,204,248,238,262,265,270,268,309,322,240,285,283,302,7,3583,1394,17.5,3611,48.7,51.3,0.9,17.3,24.0,22051296.0,89567.0,246.2,55351671.52,14198.56,456.0,46.1,53.9,273.0,531.0,524.0,295.0,89.8,0.0,3.4,271.0,200.0,73.8,0.0,43.5,17.5,38.5,17.5,11.5,12.0
Whittier Regional Vocational Technical,0,0,0,0,0,0,0,0,0,0,335,341,305,268,0,1249,742,12.6,1236,47.0,53.0,1.3,19.1,34.6,10139320.0,95654.0,106.0,26391818.0,21052.82,25.0,80.0,20.0,35.0,549.0,527.0,270.0,98.5,0.4,1.1,267.0,122.0,45.7,0.0,25.4,50.0,24.6,48.4,4.9,18.0
Williamsburg,4,6,12,23,12,17,24,21,0,0,0,0,0,0,0,119,69,12.5,117,47.0,53.0,0.9,15.4,31.6,1192998.0,68959.0,17.3,3739562.22,18839.1,,,,,,,,,,,,,,,,,,,,
Wilmington,16,196,221,212,249,216,250,198,268,249,168,192,201,194,0,2830,1859,14.9,2846,49.1,50.8,1.1,15.3,12.5,23437337.0,87160.0,268.9,61784533.0,19031.71,456.0,37.1,62.9,70.0,592.0,580.0,199.0,95.0,0.0,2.0,195.0,140.0,71.8,0.0,56.4,8.6,35.0,7.9,2.9,22.9
Winchendon,56,91,77,90,97,109,87,87,86,101,73,66,75,83,0,1178,405,17.8,1191,46.3,53.7,1.4,23.9,50.0,6506371.0,83522.0,77.9,20489510.46,14382.64,30.0,56.7,43.3,30.0,554.0,527.0,80.0,68.8,1.3,13.8,68.0,20.0,29.4,0.0,30.0,10.0,60.0,10.0,35.0,20.0
Winchester,50,236,346,335,325,355,362,348,388,348,344,348,337,374,0,4496,3451,12.8,4493,49.9,50.0,3.1,16.7,5.6,31188348.0,89442.0,348.7,72449287.14,15270.81,808.0,13.9,86.1,449.0,627.0,643.0,370.0,97.8,0.0,0.3,365.0,303.0,83.0,0.0,62.7,2.6,34.7,2.6,1.3,9.9
Winthrop,15,124,161,149,124,149,130,137,162,157,139,132,135,146,5,1865,661,20.6,1847,50.6,49.3,7.2,16.4,32.2,11547972.0,76884.0,150.2,29276469.96,14509.82,335.0,69.6,30.4,50.0,559.0,552.0,155.0,91.0,1.3,5.2,143.0,104.0,72.7,0.0,43.3,17.3,39.4,17.3,9.6,14.4
Woburn,104,285,335,336,313,321,315,337,327,370,280,288,343,313,12,4279,2985,13.8,4332,50.2,49.7,8.4,17.9,33.7,32234181.0,89168.0,361.5,88251249.6,18887.37,344.0,40.7,59.3,220.0,536.0,536.0,327.0,90.5,0.0,3.7,304.0,195.0,64.1,0.0,33.8,16.4,49.7,15.4,11.8,23.1
Worcester,794,1529,1876,1851,1800,1765,1751,1834,1761,1733,1935,1849,1766,1683,59,23986,11791,14.1,20660,48.8,51.2,26.8,20.6,63.7,171799156.0,93339.0,1840.6,453689004.83,16067.3,2060.0,69.1,30.9,643.0,518.0,521.0,1886.0,88.0,0.3,5.4,1745.0,839.0,48.1,0.1,28.1,27.2,44.6,26.5,26.2,14.8
Worthington,2,10,7,7,14,9,9,5,0,0,0,0,0,0,0,63,60,6.0,58,50.0,50.0,0.0,25.9,36.2,322221.0,43543.0,7.4,2059119.08,13645.59,,,,,,,,,,,,,,,,,,,,
Wrentham,48,102,103,103,133,122,118,133,0,0,0,0,0,0,0,862,404,18.4,893,50.1,49.9,2.8,19.9,10.9,6481188.0,87348.0,74.2,17675022.0,17819.36,,,,,,,,,,,,,,,,,,,,
